Date,EqualWeight__Nifty50_USD,EqualWeight__SP500,EqualWeight__Gold,EqualWeight__USBond,ClassicalMarkowitz__Nifty50_USD,ClassicalMarkowitz__SP500,ClassicalMarkowitz__Gold,ClassicalMarkowitz__USBond,MLMarkowitz__Nifty50_USD,MLMarkowitz__SP500,MLMarkowitz__Gold,MLMarkowitz__USBond,MLRegimeAware__Nifty50_USD,MLRegimeAware__SP500,MLRegimeAware__Gold,MLRegimeAware__USBond
2010-02-28,0.25,0.25,0.25,0.25,0.11208058134191692,0.05000000390353259,0.44999999839830035,0.3879194163562502,0.39819266667400527,0.10180733279856684,0.4499999991973934,0.05000000133003449,0.39819266667400527,0.10180733279856684,0.4499999991973934,0.05000000133003449
2010-03-31,0.25,0.25,0.25,0.25,0.112005543896149,0.050000005414606224,0.4499999986191572,0.38799445207008765,0.05000000034353399,0.44999999964409326,0.449999999963042,0.05000000004933087,0.05000000034353399,0.44999999964409326,0.449999999963042,0.05000000004933087
2010-04-30,0.25,0.25,0.25,0.25,0.12930500118435442,0.05000028784511307,0.44999993785470516,0.37069477311582727,0.44999995640599294,0.050000077721241105,0.4499999525861324,0.05000001328663339,0.44999995640599294,0.050000077721241105,0.4499999525861324,0.05000001328663339
2010-05-31,0.25,0.25,0.25,0.25,0.12906920367559524,0.05000031800528335,0.4499999334182071,0.37093054490091437,0.3132955869584617,0.050003224422362345,0.44999999085893444,0.1867011977602416,0.3132955869584617,0.050003224422362345,0.44999999085893444,0.1867011977602416
2010-06-30,0.25,0.25,0.25,0.25,0.10318914767737088,0.0500000089568836,0.44999999720559497,0.3968108461601505,0.05000000247433502,0.4499999854100241,0.44999999965963877,0.050000012456002066,0.05000000247433502,0.4499999854100241,0.44999999965963877,0.050000012456002066
2010-07-31,0.25,0.25,0.25,0.25,0.09884476422807419,0.05000000840668199,0.44999999454369205,0.40115523282155185,0.44999974087965156,0.05000065777818582,0.44999958655283445,0.05000001478932825,0.44999974087965156,0.05000065777818582,0.44999958655283445,0.05000001478932825
2010-08-31,0.25,0.25,0.25,0.25,0.1029654663997185,0.05000000749409481,0.44999999401234975,0.3970345320938369,0.44999986718227614,0.44999999117067485,0.05000013401550276,0.0500000076315464,0.44999986718227614,0.44999999117067485,0.05000013401550276,0.0500000076315464
2010-09-30,0.25,0.25,0.25,0.25,0.09297574901914675,0.05000001358226415,0.44999998530866,0.4070242520899292,0.05000004761196074,0.05000222079735399,0.4499999827911084,0.44999774879957694,0.05000004761196074,0.05000222079735399,0.4499999827911084,0.44999774879957694
2010-10-31,0.25,0.25,0.25,0.25,0.12653845184643753,0.05000021336067994,0.449999833864842,0.37346150092804054,0.05002551869614716,0.4499744823344266,0.4499999720001538,0.050000026969272526,0.05002551869614716,0.4499744823344266,0.4499999720001538,0.050000026969272526
2010-11-30,0.25,0.25,0.25,0.25,0.1465546548870203,0.05000015247819792,0.4499999505892161,0.3534452420455657,0.1730519329273383,0.44999997669414665,0.3269480886687028,0.050000001709812274,0.1730519329273383,0.44999997669414665,0.3269480886687028,0.050000001709812274
2010-12-31,0.25,0.25,0.25,0.25,0.1383710522260545,0.05000037083199298,0.4499999511447661,0.3616286257971863,0.2820319030369926,0.05000000537975254,0.44999999745453867,0.2179680941287162,0.2820319030369926,0.05000000537975254,0.44999999745453867,0.2179680941287162
2011-01-31,0.25,0.25,0.25,0.25,0.1565230649143851,0.05000042303243135,0.4499999883677398,0.34347652368544374,0.05000000005015992,0.24016341557058413,0.4499999999471314,0.25983658443212443,0.05000000005015992,0.24016341557058413,0.4499999999471314,0.25983658443212443
2011-02-28,0.25,0.25,0.25,0.25,0.12327038420815646,0.05000230624605913,0.4499999996122325,0.3767273099335519,0.0500000011109554,0.24962855234771347,0.3221750817730181,0.3781963647683129,0.0500000011109554,0.24962855234771347,0.3221750817730181,0.3781963647683129
2011-03-31,0.25,0.25,0.25,0.25,0.10708465207643686,0.06975779243118573,0.4499999996668899,0.37315755582548743,0.05000000045446005,0.27371762233326735,0.4499999964282373,0.22628238078403526,0.05000000045446005,0.27371762233326735,0.4499999964282373,0.22628238078403526
2011-04-30,0.25,0.25,0.25,0.25,0.13752311575347378,0.0500064806384708,0.44999998932221785,0.36247041428583754,0.0500000011992763,0.4499999676373278,0.44999999713777056,0.05000003402562533,0.0500000011992763,0.4499999676373278,0.44999999713777056,0.05000003402562533
2011-05-31,0.25,0.25,0.25,0.25,0.12909977075483503,0.05000066625362186,0.44999999948014885,0.37089956351139436,0.05000000343411784,0.14857921501384622,0.44999998299695243,0.3514207985550835,0.05000000343411784,0.14857921501384622,0.44999998299695243,0.3514207985550835
2011-06-30,0.25,0.25,0.25,0.25,0.11328463137891065,0.050000114109724936,0.449999999830975,0.3867152546803894,0.05000001209890899,0.4499994971791331,0.44999994463905707,0.05000054608290067,0.05000001209890899,0.4499994971791331,0.44999994463905707,0.05000054608290067
2011-07-31,0.25,0.25,0.25,0.25,0.12745756627447327,0.05000057292322839,0.4499999976357611,0.37254186316653737,0.05000063166615437,0.44999997200361125,0.4499993591859509,0.05000003714428356,0.05000063166615437,0.44999997200361125,0.4499993591859509,0.05000003714428356
2011-08-31,0.25,0.25,0.25,0.25,0.12007851608081162,0.050000400559741164,0.4499999979516432,0.379921085407804,0.13872204529376458,0.26420997400049767,0.449999998277949,0.14706798242778885,0.13872204529376458,0.26420997400049767,0.449999998277949,0.14706798242778885
2011-09-30,0.25,0.25,0.25,0.25,0.11042380878791495,0.050000373694726756,0.44999999772500837,0.38957581979235,0.05000000480975949,0.05000000227985452,0.4499999995255797,0.44999999338480623,0.05000000480975949,0.05000000227985452,0.4499999995255797,0.44999999338480623
2011-10-31,0.25,0.25,0.25,0.25,0.07501275566937964,0.05000050628437126,0.44999991088514696,0.4249868271611022,0.0500000045981897,0.0500000005270435,0.4499999952914841,0.44999999958328263,0.0500000045981897,0.0500000005270435,0.4499999952914841,0.44999999958328263
2011-11-30,0.25,0.25,0.25,0.25,0.1915366140153539,0.05000000374780926,0.4499999999955886,0.3084633822412482,0.050000000900936516,0.05000007708064097,0.44999999884366787,0.44999992317475457,0.050000000900936516,0.05000007708064097,0.44999999884366787,0.44999992317475457
2011-12-31,0.25,0.25,0.25,0.25,0.12003232261461821,0.050000040160249816,0.4499999992990534,0.37996763792607857,0.05000000087518905,0.0500000055761628,0.4499999937274232,0.44999999982122485,0.05000000087518905,0.0500000055761628,0.4499999937274232,0.44999999982122485
2012-01-31,0.25,0.25,0.25,0.25,0.08653576744377038,0.050000089948066206,0.44999997677310866,0.4134641658350548,0.05000000101629159,0.23374263188035088,0.2662573856702299,0.44999998143312747,0.05000000101629159,0.23374263188035088,0.2662573856702299,0.44999998143312747
2012-02-29,0.25,0.25,0.25,0.25,0.08636403154672642,0.05000009918982278,0.4499999525304079,0.4136359167330429,0.050000053697792486,0.050000015280008366,0.4499999347252978,0.4499999962969014,0.050000053697792486,0.050000015280008366,0.4499999347252978,0.4499999962969014
2012-03-31,0.25,0.25,0.25,0.25,0.11619296166910424,0.050000012209660716,0.4499999888180417,0.3838070373031933,0.44999996795972863,0.4499990487084504,0.05000092884912866,0.05000005448269226,0.44999996795972863,0.4499990487084504,0.05000092884912866,0.05000005448269226
2012-04-30,0.25,0.25,0.25,0.25,0.11069108094773634,0.05000016876521074,0.4499999810791223,0.3893087692079306,0.05000000462531719,0.44999999592582346,0.050000000482092605,0.4499999989667666,0.05000000462531719,0.44999999592582346,0.050000000482092605,0.4499999989667666
2012-05-31,0.25,0.25,0.25,0.25,0.08108547231567362,0.05000043114801462,0.44999990438152804,0.4189141921547837,0.05000001274300248,0.4499999997235357,0.050000005568117165,0.4499999819653446,0.05000001274300248,0.4499999997235357,0.050000005568117165,0.4499999819653446
2012-06-30,0.25,0.25,0.25,0.25,0.06550722430945419,0.050000017601690254,0.4499999804158345,0.4344927776730212,0.4499999928390804,0.050000000813366946,0.050000006890602626,0.4499999994569501,0.4499999928390804,0.050000000813366946,0.050000006890602626,0.4499999994569501
2012-07-31,0.25,0.25,0.25,0.25,0.08554958698174923,0.05000011422199229,0.4499998969380154,0.41445040185824306,0.24896591790908537,0.4499996940773224,0.05000084623598998,0.2510335417776024,0.24896591790908537,0.4499996940773224,0.05000084623598998,0.2510335417776024
2012-08-31,0.25,0.25,0.25,0.25,0.08382125918326841,0.050000133727436245,0.449999841799584,0.41617876528971137,0.44999992425807295,0.43007712395873354,0.05000020485561131,0.06992274692758207,0.44999992425807295,0.43007712395873354,0.05000020485561131,0.06992274692758207
2012-09-30,0.25,0.25,0.25,0.25,0.08651148692722967,0.05000014509750164,0.44999991104699,0.4134884569282787,0.0500000003905806,0.31703053410267057,0.18296946605968975,0.4499999994470591,0.0500000003905806,0.31703053410267057,0.18296946605968975,0.4499999994470591
2012-10-31,0.25,0.25,0.25,0.25,0.11855930151956434,0.05000001252079092,0.44999998632154126,0.3814406996381035,0.44999999912594535,0.4356869915636544,0.06431299643305362,0.05000001287734668,0.44999999912594535,0.4356869915636544,0.06431299643305362,0.05000001287734668
2012-11-30,0.25,0.25,0.25,0.25,0.1123363703493461,0.05000001514431306,0.44999997584342305,0.3876636386629178,0.2052796985378839,0.050000110034152716,0.4499993919710289,0.29472079945693447,0.2052796985378839,0.050000110034152716,0.4499993919710289,0.29472079945693447
2012-12-31,0.25,0.25,0.25,0.25,0.12636547563695855,0.050000007894630015,0.449999989287339,0.3736345271810726,0.13259935892890634,0.41269142627335154,0.33418548540399207,0.12052372939375011,0.13259935892890634,0.41269142627335154,0.33418548540399207,0.12052372939375011
2013-01-31,0.25,0.25,0.25,0.25,0.11742037261519334,0.05000001251470189,0.4499999876940806,0.3825796271760242,0.11274685016610904,0.4499999587189212,0.050000000755532875,0.3872531903594368,0.11274685016610904,0.4499999587189212,0.050000000755532875,0.3872531903594368
2013-02-28,0.25,0.25,0.25,0.25,0.13794612699415368,0.050000834055238995,0.4499993729920197,0.36205366595858773,0.05000000040105209,0.43589568758706515,0.2372072567185482,0.2768970552933346,0.05000000040105209,0.43589568758706515,0.2372072567185482,0.2768970552933346
2013-03-31,0.25,0.25,0.25,0.25,0.11683481392535217,0.05000004366627664,0.4499999775861578,0.38316516482221336,0.44999998723344514,0.05000030653784447,0.4499996797531842,0.050000026475526024,0.44999998723344514,0.05000030653784447,0.4499996797531842,0.050000026475526024
2013-04-30,0.25,0.25,0.25,0.25,0.1135005605855513,0.0500002725499976,0.44999995825163336,0.3864992086128177,0.44999998599970964,0.39990191127697056,0.1000980818621008,0.05000002086121894,0.44999998599970964,0.39990191127697056,0.1000980818621008,0.05000002086121894
2013-05-31,0.25,0.25,0.25,0.25,0.1136023521868898,0.05000046189298125,0.44999457380188596,0.386402612118243,0.42200008131468797,0.4499999979470732,0.05000000288299496,0.07799991785524381,0.42200008131468797,0.4499999979470732,0.05000000288299496,0.07799991785524381
2013-06-30,0.25,0.25,0.25,0.25,0.12511944760229643,0.050079110528687666,0.4499975717436592,0.3748038701253567,0.2268522256235836,0.44999997812049936,0.05000000088764314,0.2731477953682738,0.2268522256235836,0.44999997812049936,0.05000000088764314,0.2731477953682738
2013-07-31,0.25,0.25,0.25,0.25,0.0998004381627544,0.13009211266013354,0.3566787936826625,0.41342865549444957,0.1036674512890478,0.4499999989151532,0.05000000071786121,0.3963325490779379,0.1036674512890478,0.4499999989151532,0.05000000071786121,0.3963325490779379
2013-08-31,0.25,0.25,0.25,0.25,0.06356335859531631,0.15746050225574035,0.39425003552481785,0.38472610362412546,0.050000025569360375,0.44999998335605,0.4499995215033626,0.05000046957122708,0.050000025569360375,0.44999998335605,0.4499995215033626,0.05000046957122708
2013-09-30,0.25,0.25,0.25,0.25,0.05000003813625931,0.09606257381526757,0.4499999002703193,0.40393748777815386,0.04999999999967434,0.05000000007674812,0.4499999999697442,0.44999999995383344,0.04999999999967434,0.05000000007674812,0.4499999999697442,0.44999999995383344
2013-10-31,0.25,0.25,0.25,0.25,0.0861090882776509,0.10647658566316216,0.41309648300665197,0.394317843052535,0.050000002400185706,0.45000000041606997,0.44999999471669083,0.05000000246705343,0.050000002400185706,0.45000000041606997,0.44999999471669083,0.05000000246705343
2013-11-30,0.25,0.25,0.25,0.25,0.10558902343964988,0.10924713067220888,0.39104693775190635,0.39411690813623484,0.1895725681537079,0.4500000000102532,0.3104274313711819,0.05000000046485696,0.1895725681537079,0.4500000000102532,0.3104274313711819,0.05000000046485696
2013-12-31,0.25,0.25,0.25,0.25,0.06699013382421039,0.2211298366141888,0.3343707223085882,0.3775093072530126,0.05000001403441688,0.4499999988641618,0.05000000161135379,0.44999998549006737,0.05000001403441688,0.4499999988641618,0.05000000161135379,0.44999998549006737
2014-01-31,0.25,0.25,0.25,0.25,0.07124864800671755,0.2641167982953855,0.3010193294621117,0.36361522423578524,0.44999997932711905,0.44999999775144267,0.05000000157123186,0.05000002135020652,0.44999997932711905,0.44999999775144267,0.05000000157123186,0.05000002135020652
2014-02-28,0.25,0.25,0.25,0.25,0.10920356597967149,0.16487367165623756,0.32967244681154495,0.3962503155525459,0.3956109496635476,0.10438942232856824,0.050000029609617344,0.4499995983982668,0.3956109496635476,0.10438942232856824,0.050000029609617344,0.4499995983982668
2014-03-31,0.25,0.25,0.25,0.25,0.09424545164807101,0.18335727649208436,0.34249031037332983,0.3799069614865149,0.05000000076233825,0.449999998905842,0.44999992451805515,0.05000007581376456,0.05000000076233825,0.449999998905842,0.44999992451805515,0.05000007581376456
2014-04-30,0.25,0.25,0.25,0.25,0.1478302328289611,0.13456112113296972,0.3234054696682196,0.39420317636984975,0.3930641688629,0.35562781210323535,0.20130792636352984,0.050000092670334784,0.3930641688629,0.35562781210323535,0.20130792636352984,0.050000092670334784
2014-05-31,0.25,0.25,0.25,0.25,0.1332691143586841,0.1365522712137124,0.3400679423936014,0.3901106720340022,0.05000000336195095,0.40806835106180184,0.1900468529159972,0.3518847926602499,0.05000000336195095,0.40806835106180184,0.1900468529159972,0.3518847926602499
2014-06-30,0.25,0.25,0.25,0.25,0.15795046302718535,0.12532493543546752,0.3147567208050996,0.4019678807322475,0.16036762209744357,0.4499999803110165,0.05000000090158148,0.3396323966899584,0.16036762209744357,0.4499999803110165,0.05000000090158148,0.3396323966899584
2014-07-31,0.25,0.25,0.25,0.25,0.14975404824343183,0.13370994678789383,0.32404227935649804,0.39249372561217627,0.44999997975780864,0.050000097604557814,0.05000323641037686,0.4499966862272566,0.44999997975780864,0.050000097604557814,0.05000323641037686,0.4499966862272566
2014-08-31,0.25,0.25,0.25,0.25,0.17262573342037593,0.07396347864664879,0.33803678441928375,0.41537400351369147,0.4499999983672005,0.05000002354965036,0.05000000126917722,0.44999997681397186,0.4499999983672005,0.05000002354965036,0.05000000126917722,0.44999997681397186
2014-09-30,0.25,0.25,0.25,0.25,0.12559053119097563,0.050002139814666176,0.3853516482086957,0.4390556807856624,0.44999972015272716,0.44999880320980273,0.05000000238239636,0.05000147425507388,0.44999972015272716,0.44999880320980273,0.05000000238239636,0.05000147425507388
2014-10-31,0.25,0.25,0.25,0.25,0.1399749082182641,0.05000074169263163,0.3600262570780978,0.4499980930110064,0.4499999923585934,0.44999999724475,0.05000000187234735,0.05000000852430927,0.4499999923585934,0.44999999724475,0.05000000187234735,0.05000000852430927
2014-11-30,0.25,0.25,0.25,0.25,0.14860861639472245,0.07362144974859104,0.3291808187167448,0.44858911513994165,0.44999998286393844,0.05000084924280491,0.05000001547393054,0.44999915241932625,0.44999998286393844,0.05000084924280491,0.05000001547393054,0.44999915241932625
2014-12-31,0.25,0.25,0.25,0.25,0.15996304288080507,0.08924854092079976,0.3008167176200408,0.4499716985783545,0.4499999997857389,0.3942973128789784,0.05000000030440873,0.1057026870308738,0.4499999997857389,0.3942973128789784,0.05000000030440873,0.1057026870308738
2015-01-31,0.25,0.25,0.25,0.25,0.15269098291162694,0.054929338999285794,0.3459452268403271,0.4464344512487601,0.4499999823606312,0.05000008277630441,0.050000001626523856,0.44999993323654053,0.4499999823606312,0.05000008277630441,0.050000001626523856,0.44999993323654053
2015-02-28,0.25,0.25,0.25,0.25,0.1729163038118566,0.06833463624424936,0.3884148267055644,0.3703342332383297,0.050000001033677424,0.05000000008618547,0.4499999997534442,0.4499999991266928,0.050000001033677424,0.05000000008618547,0.4499999997534442,0.4499999991266928
2015-03-31,0.25,0.25,0.25,0.25,0.14461909574411463,0.2373477203314164,0.31184741202881106,0.306185771895658,0.12790518768247364,0.44999998986525924,0.3720948109715212,0.05000001148074594,0.12790518768247364,0.44999998986525924,0.3720948109715212,0.05000001148074594
2015-04-30,0.25,0.25,0.25,0.25,0.1329656341132616,0.22397817358094063,0.2919408306941089,0.3511153616116888,0.44999301447700696,0.44999973434744056,0.05000002452167949,0.050007226653872916,0.44999301447700696,0.44999973434744056,0.05000002452167949,0.050007226653872916
2015-05-31,0.25,0.25,0.25,0.25,0.09179458784073545,0.2793930979271893,0.3058274615187432,0.322984852713332,0.1818319061399365,0.44999999885038366,0.23527443845215887,0.13289365655752097,0.1818319061399365,0.44999999885038366,0.23527443845215887,0.13289365655752097
2015-06-30,0.25,0.25,0.25,0.25,0.13402833721559046,0.308714127429924,0.34761076128891355,0.20964677406557203,0.39209957083724756,0.44999990277580515,0.10790051049875027,0.050000015888196976,0.39209957083724756,0.44999990277580515,0.10790051049875027,0.050000015888196976
2015-07-31,0.25,0.25,0.25,0.25,0.15909873978667027,0.30740620790839435,0.38408829530464167,0.14940675700029388,0.3564549198402634,0.44999999130104557,0.1435450817445509,0.05000000711414008,0.3564549198402634,0.44999999130104557,0.1435450817445509,0.05000000711414008
2015-08-31,0.25,0.25,0.25,0.25,0.14183572298334227,0.33176447826327016,0.2899003972426138,0.23649940151077387,0.4499999589904741,0.44999666415008466,0.05000327546487108,0.05000010139457027,0.4499999589904741,0.44999666415008466,0.05000327546487108,0.05000010139457027
2015-09-30,0.25,0.25,0.25,0.25,0.10518892171725931,0.2712988762579134,0.37235521383969294,0.2511569881851343,0.44999999801210505,0.16955979974850066,0.3304400497381055,0.050000152501288815,0.44999999801210505,0.16955979974850066,0.3304400497381055,0.050000152501288815
2015-10-31,0.25,0.25,0.25,0.25,0.16075316045193583,0.20833287803186967,0.3975551726270946,0.23335878888909994,0.44999999955808156,0.44999999863442763,0.050000001634426576,0.05000000017306415,0.44999999955808156,0.44999999863442763,0.050000001634426576,0.05000000017306415
2015-11-30,0.25,0.25,0.25,0.25,0.15225932208019263,0.24918337577827296,0.386801033582095,0.2117562685594394,0.050000391165784426,0.44999981735623606,0.44999884782128874,0.05000094365669071,0.050000391165784426,0.44999981735623606,0.44999884782128874,0.05000094365669071
2015-12-31,0.25,0.25,0.25,0.25,0.10537695568537532,0.3107229245792802,0.3082165019012308,0.2756836178341137,0.28073490291277053,0.4499999905759843,0.21926509476507638,0.05000001174616883,0.28073490291277053,0.4499999905759843,0.21926509476507638,0.05000001174616883
2016-01-31,0.25,0.25,0.25,0.25,0.11651112306740927,0.2890028881243494,0.3124039147013189,0.2820820741069225,0.4499998186424711,0.05000005118246613,0.05000015589146938,0.44999997428359345,0.4499998186424711,0.05000005118246613,0.05000015589146938,0.44999997428359345
2016-02-29,0.25,0.25,0.25,0.25,0.09160153587704331,0.26136832739715105,0.3210017075159344,0.32602842920987135,0.44999994378983915,0.05000000171389373,0.44999997579641554,0.05000007869985168,0.44999994378983915,0.05000000171389373,0.44999997579641554,0.05000007869985168
2016-03-31,0.25,0.25,0.25,0.25,0.08807144789642173,0.25491439529943083,0.3407551074189513,0.31625904938519633,0.050000004266253485,0.4499998304377362,0.44999999463492946,0.05000017066108086,0.050000004266253485,0.4499998304377362,0.44999999463492946,0.05000017066108086
2016-04-30,0.25,0.25,0.25,0.25,0.10623354218204273,0.2653103595954749,0.33728054762168025,0.29117555060080214,0.05000000311321532,0.44999999245058253,0.4499966828064461,0.05000332162975602,0.05000000311321532,0.44999999245058253,0.4499966828064461,0.05000332162975602
2016-05-31,0.25,0.25,0.25,0.25,0.1170733905176607,0.25752566759496226,0.37153268212703605,0.2538682597603411,0.4499999409491677,0.4499523216079741,0.05004769048308779,0.05000004695977042,0.4499999409491677,0.4499523216079741,0.05004769048308779,0.05000004695977042
2016-06-30,0.25,0.25,0.25,0.25,0.12087365267124062,0.22960774815416007,0.3123712131407602,0.33714738603383915,0.4499999997565705,0.4499999967459597,0.05000000156557784,0.05000000193189183,0.4499999997565705,0.4499999967459597,0.05000000156557784,0.05000000193189183
2016-07-31,0.25,0.25,0.25,0.25,0.20134336043285211,0.13203912584280725,0.41311474371766377,0.2535027700066768,0.4499999907842954,0.05000005749317681,0.4499999495023462,0.0500000022201817,0.4499999907842954,0.05000005749317681,0.4499999495023462,0.0500000022201817
2016-08-31,0.25,0.25,0.25,0.25,0.19673835805628156,0.1554372145202002,0.4337077411022391,0.21411668632127923,0.44999988997738516,0.05000000912697832,0.050000106150552885,0.44999999474508356,0.44999988997738516,0.05000000912697832,0.050000106150552885,0.44999999474508356
2016-09-30,0.25,0.25,0.25,0.25,0.2332702404183184,0.14068528013867107,0.39397612564475293,0.23206835379825763,0.44999996651373997,0.10057278408812911,0.05000024559627244,0.3994270038018585,0.44999996651373997,0.10057278408812911,0.05000024559627244,0.3994270038018585
2016-10-31,0.25,0.25,0.25,0.25,0.2337243741052591,0.15159583727140705,0.4084281876230894,0.20625160100024456,0.30849902511475136,0.44999949617576684,0.05000000300990933,0.1915014756995723,0.30849902511475136,0.44999949617576684,0.05000000300990933,0.1915014756995723
2016-11-30,0.25,0.25,0.25,0.25,0.3081045101676267,0.12395785811517765,0.4365588481835509,0.1313787835336449,0.44999938306918796,0.44999992082034906,0.05000018719350624,0.05000050891695664,0.44999938306918796,0.44999992082034906,0.05000018719350624,0.05000050891695664
2016-12-31,0.25,0.25,0.25,0.25,0.19505368198342685,0.3356584222082565,0.39966163646386965,0.06962625934444705,0.050000000533604476,0.44999999389972234,0.4499999995244714,0.050000006042201776,0.050000000533604476,0.44999999389972234,0.4499999995244714,0.050000006042201776
2017-01-31,0.25,0.25,0.25,0.25,0.1832676607317932,0.3567976829626566,0.38145452305482397,0.07848013325072632,0.05000000007853738,0.44999999827726334,0.4499999996191625,0.05000000202503672,0.05000000007853738,0.44999999827726334,0.4499999996191625,0.05000000202503672
2017-02-28,0.25,0.25,0.25,0.25,0.19460379116858337,0.3569191111547948,0.3905840287721875,0.057893068904434256,0.050001344432538807,0.44999997714647544,0.05000002141849427,0.4499986570024916,0.050001344432538807,0.44999997714647544,0.05000002141849427,0.4499986570024916
2017-03-31,0.25,0.25,0.25,0.25,0.19374306871733668,0.3555108685923664,0.4007457670569134,0.050000295633383485,0.44999999399984525,0.44999999942513164,0.05000000062992274,0.05000000594510038,0.44999999399984525,0.44999999942513164,0.05000000062992274,0.05000000594510038
2017-04-30,0.25,0.25,0.25,0.25,0.23816520431257704,0.32038071711071575,0.3914540153819383,0.05000006319476892,0.4499999974367775,0.44999993695302937,0.05000005902751563,0.05000000658267757,0.4499999974367775,0.44999993695302937,0.05000005902751563,0.05000000658267757
2017-05-31,0.25,0.25,0.25,0.25,0.24469154880080016,0.31409420926772014,0.3912141761700244,0.050000065761455346,0.4499999977303169,0.2983028405446412,0.20169716064067927,0.05000000108436267,0.4499999977303169,0.2983028405446412,0.20169716064067927,0.05000000108436267
2017-06-30,0.25,0.25,0.25,0.25,0.27688172441580705,0.29842262349849424,0.3746952479936949,0.05000040409200376,0.44999999993143597,0.4499999995012952,0.05000000047117073,0.050000000096098125,0.44999999993143597,0.4499999995012952,0.05000000047117073,0.050000000096098125
2017-07-31,0.25,0.25,0.25,0.25,0.2657873069987042,0.3070312753707815,0.377181289035882,0.05000012859463224,0.44999953452368124,0.05000190561503703,0.4499985411066309,0.05000001875465089,0.44999953452368124,0.05000190561503703,0.4499985411066309,0.05000001875465089
2017-08-31,0.25,0.25,0.25,0.25,0.26834701337677025,0.3048816449917065,0.37677131239460093,0.050000029236922344,0.4499999999433849,0.4499999979155126,0.050000002147393086,0.04999999999370944,0.4499999999433849,0.4499999979155126,0.050000002147393086,0.04999999999370944
2017-09-30,0.25,0.25,0.25,0.25,0.253486977548626,0.3109907447923977,0.3855221158768407,0.05000016178213567,0.449999990346764,0.44999995890441513,0.05000004877927422,0.050000001969546605,0.449999990346764,0.44999995890441513,0.05000004877927422,0.050000001969546605
2017-10-31,0.25,0.25,0.25,0.25,0.20250183642793035,0.3690895688399746,0.37840853484335,0.05000005988874508,0.44999999774812155,0.4499999996895892,0.050000000402940024,0.05000000215934929,0.44999999774812155,0.4499999996895892,0.050000000402940024,0.05000000215934929
2017-11-30,0.25,0.25,0.25,0.25,0.2237657405230236,0.3618507531792381,0.36438346438140945,0.05000004191632894,0.44999999991010875,0.44999999888429926,0.050000000668522136,0.050000000537069635,0.44999999991010875,0.44999999888429926,0.050000000668522136,0.050000000537069635
2017-12-31,0.25,0.25,0.25,0.25,0.2072984976560396,0.38601464507735583,0.35668675309834946,0.0500001041682551,0.4499999995031559,0.4499999969928825,0.0500000022856626,0.05000000121829907,0.4499999995031559,0.4499999969928825,0.0500000022856626,0.05000000121829907
2018-01-31,0.25,0.25,0.25,0.25,0.22745167678221326,0.370382248079963,0.3521660391381191,0.0500000359997047,0.44999999772162486,0.4499999574598239,0.050000041462556585,0.05000000335599476,0.44999999772162486,0.4499999574598239,0.050000041462556585,0.05000000335599476
2018-02-28,0.25,0.25,0.25,0.25,0.2993397236521487,0.2667220677523016,0.38393806507992534,0.050000143515624526,0.44999999872283497,0.44999999954661285,0.0500000001801326,0.050000001550419636,0.44999999872283497,0.44999999954661285,0.0500000001801326,0.050000001550419636
2018-03-31,0.25,0.25,0.25,0.25,0.26478767279577364,0.2635413956955702,0.421668955226318,0.05000197628233822,0.44999999987712463,0.050000008098129205,0.05000000221621253,0.4499999898085337,0.44999999987712463,0.050000008098129205,0.05000000221621253,0.4499999898085337
2018-04-30,0.25,0.25,0.25,0.25,0.2707415115012744,0.23679036458313937,0.4424021120001085,0.050066011915477854,0.32593225905023415,0.4499998903765848,0.17406767385421598,0.05000017671896501,0.32593225905023415,0.4499998903765848,0.17406767385421598,0.05000017671896501
2018-05-31,0.25,0.25,0.25,0.25,0.3177271674086308,0.1959906679779993,0.43627928232055774,0.05000288229281225,0.4499999465304035,0.4496047680206723,0.05000000712592684,0.05039527832299735,0.4499999465304035,0.4496047680206723,0.05000000712592684,0.05039527832299735
2018-06-30,0.25,0.25,0.25,0.25,0.28282729266616496,0.24078374015060283,0.40855007734052023,0.06783888984271208,0.4499999651813312,0.44999937030498655,0.05000064758995265,0.050000016923729663,0.4499999651813312,0.44999937030498655,0.05000064758995265,0.050000016923729663
2018-07-31,0.25,0.25,0.25,0.25,0.23660437310400712,0.2833230232179373,0.33462839553828005,0.14544420813977543,0.44999999478179925,0.44999650757344545,0.05000009695968679,0.05000340068506856,0.44999999478179925,0.44999650757344545,0.05000009695968679,0.05000340068506856
2018-08-31,0.25,0.25,0.25,0.25,0.25484498632592795,0.29543994164252024,0.3616613368577063,0.08805373517384552,0.4499999967666533,0.08557116542833783,0.050000047713523295,0.41442879009148564,0.4499999967666533,0.08557116542833783,0.050000047713523295,0.41442879009148564
2018-09-30,0.25,0.25,0.25,0.25,0.24669249075821004,0.3640328088598769,0.25449223031882895,0.13478247006308405,0.44999999479361436,0.3643259804872639,0.05000005973915315,0.1356739649799687,0.44999999479361436,0.3643259804872639,0.05000005973915315,0.1356739649799687
2018-10-31,0.25,0.25,0.25,0.25,0.16007626791119797,0.44999994918603603,0.31956307680797025,0.07036070609479564,0.2541100576759742,0.35241780632487363,0.34347213602462445,0.0499999999745276,0.2541100576759742,0.35241780632487363,0.34347213602462445,0.0499999999745276
2018-11-30,0.25,0.25,0.25,0.25,0.1121029848276699,0.4499841086334518,0.3879119706663736,0.05000093587250478,0.05000003058992992,0.449987362820594,0.05001264762637903,0.44999995896309714,0.05000003058992992,0.449987362820594,0.05001264762637903,0.44999995896309714
2018-12-31,0.25,0.25,0.25,0.25,0.15145521920683008,0.400208647087529,0.39833607337334376,0.05000006033229701,0.05000006476772671,0.05000000265222791,0.4499999413474778,0.4499999912325675,0.05000006476772671,0.05000000265222791,0.4499999413474778,0.4499999912325675
2019-01-31,0.25,0.25,0.25,0.25,0.21987342157294537,0.2800872887015908,0.44999922199045056,0.050040067735013294,0.4499999688757725,0.05000025886629077,0.05000845518678122,0.4499913170711555,0.4499999688757725,0.05000025886629077,0.05000845518678122,0.4499913170711555
2019-02-28,0.25,0.25,0.25,0.25,0.20006364849043293,0.2999388689596206,0.44999739392896015,0.0500000886209864,0.0499999999907237,0.4499999992121602,0.05000000088060275,0.4499999999165133,0.0499999999907237,0.4499999992121602,0.05000000088060275,0.4499999999165133
2019-03-31,0.25,0.25,0.25,0.25,0.15228191820503395,0.34771670490300727,0.44999985163179085,0.050001525260167975,0.050000003741251305,0.45000000059535405,0.05000000132450138,0.44999999433889315,0.050000003741251305,0.45000000059535405,0.05000000132450138,0.44999999433889315
2019-04-30,0.25,0.25,0.25,0.25,0.2333963805866237,0.30145760885374556,0.4151459020013639,0.05000010855826681,0.4499999980939516,0.44999998010326897,0.0500000011300208,0.050000020672758536,0.4499999980939516,0.44999998010326897,0.0500000011300208,0.050000020672758536
2019-05-31,0.25,0.25,0.25,0.25,0.22172806574025297,0.3159680900655075,0.4123037960291091,0.05000004816513038,0.05000000115464935,0.4499999984440602,0.4499999692370858,0.050000031164204595,0.05000000115464935,0.4499999984440602,0.4499999692370858,0.050000031164204595
2019-06-30,0.25,0.25,0.25,0.25,0.25042557574876584,0.2495749205998162,0.4499992905772584,0.050000213074159576,0.4499995290898353,0.050003386747221504,0.05000012547858984,0.4499969586843533,0.4499995290898353,0.050003386747221504,0.05000012547858984,0.4499969586843533
2019-07-31,0.25,0.25,0.25,0.25,0.2541459493215116,0.2390368971407334,0.4499997534937243,0.056817400044030776,0.4435815466245582,0.44999997217378196,0.05641845754539582,0.050000023656264075,0.4435815466245582,0.44999997217378196,0.05641845754539582,0.050000023656264075
2019-08-31,0.25,0.25,0.25,0.25,0.19783147983720775,0.2673418445788811,0.4499998759382605,0.08482679964565065,0.44999900838564444,0.44999991916541093,0.05000096932873951,0.05000010312020506,0.44999900838564444,0.44999991916541093,0.05000096932873951,0.05000010312020506
2019-09-30,0.25,0.25,0.25,0.25,0.16998935614072086,0.26523410154130883,0.4499999821623542,0.11477656015561609,0.050000003271723645,0.44999957515525113,0.44999999391926737,0.05000042765375777,0.050000003271723645,0.44999957515525113,0.44999999391926737,0.05000042765375777
2019-10-31,0.25,0.25,0.25,0.25,0.2139035161486335,0.26072419043295314,0.44999985732934134,0.07537243608907185,0.05000002880247668,0.3328023154613066,0.4499999996777323,0.16719765605848438,0.05000002880247668,0.3328023154613066,0.4499999996777323,0.16719765605848438
2019-11-30,0.25,0.25,0.25,0.25,0.20719539010998442,0.2670390613541855,0.4499998613663924,0.0757656871694376,0.05000002210359016,0.44999999916355365,0.050000002763855196,0.449999975969001,0.05000002210359016,0.44999999916355365,0.050000002763855196,0.449999975969001
2019-12-31,0.25,0.25,0.25,0.25,0.2520578549139071,0.19043483735587197,0.4499999700803789,0.10750733764984206,0.4499999993362208,0.4499999999439344,0.05000000058426016,0.0500000001355847,0.4499999993362208,0.4499999999439344,0.05000000058426016,0.0500000001355847
2020-01-31,0.25,0.25,0.25,0.25,0.25742821061879384,0.1970240727584538,0.44999996224879085,0.09554775437396153,0.06705408629606271,0.44999998819647224,0.0500000274026839,0.43294589810478107,0.06705408629606271,0.44999998819647224,0.0500000274026839,0.43294589810478107
2020-02-29,0.25,0.25,0.25,0.25,0.276125454749536,0.22387349337038337,0.44999998050194573,0.050001071378135,0.3983850539481633,0.10161494996553279,0.4499999920850337,0.05000000400127009,0.3983850539481633,0.10161494996553279,0.4499999920850337,0.05000000400127009
2020-03-31,0.25,0.25,0.25,0.25,0.27009136195786393,0.17392869851238074,0.4499999969935035,0.10597994253625184,0.05000143396340379,0.449999994287329,0.4499985646156798,0.05000000713358752,0.05000143396340379,0.449999994287329,0.4499985646156798,0.05000000713358752
2020-04-30,0.25,0.25,0.25,0.25,0.0500001472710267,0.21868507989936767,0.4499999978975566,0.2813147749320489,0.14366802931908598,0.05000001429879834,0.35633197046647863,0.449999985915637,0.14366802931908598,0.05000001429879834,0.35633197046647863,0.449999985915637
2020-05-31,0.25,0.25,0.25,0.25,0.05000008113748429,0.20395296074166028,0.44999999724071865,0.2960469608801367,0.44999999857722495,0.4499999647297455,0.050000035482953134,0.050000001210076354,0.44999999857722495,0.4499999647297455,0.050000035482953134,0.050000001210076354
2020-06-30,0.25,0.25,0.25,0.25,0.05000221751817379,0.20936502171844212,0.4499998723706297,0.2906328883927543,0.19617936739502576,0.44999999979381455,0.3038206313577103,0.05000000145344939,0.19617936739502576,0.44999999979381455,0.3038206313577103,0.05000000145344939
2020-07-31,0.25,0.25,0.25,0.25,0.05000006205893936,0.21247432159483431,0.44999999816965486,0.28752561817657146,0.4499999994935031,0.4499999998198562,0.05000000061571599,0.05000000007092464,0.4499999994935031,0.4499999998198562,0.05000000061571599,0.05000000007092464
2020-08-31,0.25,0.25,0.25,0.25,0.050004371265542386,0.21007487532721686,0.449999746515388,0.28992100689185285,0.3402091020917904,0.44999999028545506,0.1597909027074746,0.05000000491527987,0.3402091020917904,0.44999999028545506,0.1597909027074746,0.05000000491527987
2020-09-30,0.25,0.25,0.25,0.25,0.05000301030003679,0.21922981127273455,0.449999773048832,0.2807674053783966,0.4499999811252681,0.44999999720799333,0.05000002054406671,0.05000000112267174,0.4499999811252681,0.44999999720799333,0.05000002054406671,0.05000000112267174
2020-10-31,0.25,0.25,0.25,0.25,0.05000017811465353,0.19565890346139705,0.4499999898196448,0.3043409286043046,0.4499940828905651,0.4499999939018916,0.05000590826829022,0.050000014939253094,0.4499940828905651,0.4499999939018916,0.05000590826829022,0.050000014939253094
2020-11-30,0.25,0.25,0.25,0.25,0.05001157967562057,0.1905326945473249,0.44999983901830315,0.3094558867587514,0.0500002395072008,0.44999999213358594,0.050000254982440484,0.44999951337677285,0.0500002395072008,0.44999999213358594,0.050000254982440484,0.44999951337677285
2020-12-31,0.25,0.25,0.25,0.25,0.05000061492436992,0.21175285551683085,0.4499999865450198,0.2882465430137795,0.4499999883913831,0.4499999486188099,0.050000037701694415,0.05000002528811249,0.4499999883913831,0.4499999486188099,0.050000037701694415,0.05000002528811249
2021-01-31,0.25,0.25,0.25,0.25,0.05000152852885073,0.21220122571829234,0.44999997336678005,0.28779727238607683,0.44999999921608314,0.0500031700942576,0.44999682807599783,0.05000000261366148,0.44999999921608314,0.0500031700942576,0.44999682807599783,0.05000000261366148
2021-02-28,0.25,0.25,0.25,0.25,0.05001943554862827,0.2159892698782467,0.44999927399412265,0.28399202057900247,0.44999997115193585,0.4499999434839018,0.0500000022426597,0.05000008312150256,0.44999997115193585,0.4499999434839018,0.0500000022426597,0.05000008312150256
2021-03-31,0.25,0.25,0.25,0.25,0.06686190189078449,0.21984406881243865,0.44999854639055015,0.2632954829062268,0.45000000001975776,0.28522195743688167,0.21477804136717654,0.050000001176183986,0.45000000001975776,0.28522195743688167,0.21477804136717654,0.050000001176183986
2021-04-30,0.25,0.25,0.25,0.25,0.05589219130717243,0.24591613356154848,0.4499994478113504,0.2481922273199286,0.44999999433542853,0.44999999413470987,0.050000003029872675,0.050000008499988945,0.44999999433542853,0.44999999413470987,0.050000003029872675,0.050000008499988945
2021-05-31,0.25,0.25,0.25,0.25,0.05000738484379858,0.2540131964959598,0.44999956690099624,0.24597985175924525,0.4499996849661681,0.44999991104062464,0.05000009801939471,0.05000030597381237,0.4499996849661681,0.44999991104062464,0.05000009801939471,0.05000030597381237
2021-06-30,0.25,0.25,0.25,0.25,0.050029566122413945,0.25566027727862484,0.44999903444845313,0.2443111221505082,0.4499999775262961,0.2819776115674681,0.050000487989940195,0.21802192291629566,0.4499999775262961,0.2819776115674681,0.050000487989940195,0.21802192291629566
2021-07-31,0.25,0.25,0.25,0.25,0.05000022926864041,0.2639113121527672,0.4366713425554558,0.2494171160231366,0.4499999806982687,0.44999996836578293,0.05000000108123563,0.05000004985471276,0.4499999806982687,0.44999996836578293,0.05000000108123563,0.05000004985471276
2021-08-31,0.25,0.25,0.25,0.25,0.05000052204414144,0.2607504966851202,0.4416351933462634,0.24761378792447503,0.4357896192914662,0.4499999948654968,0.05000000063698263,0.06421038520605432,0.4357896192914662,0.4499999948654968,0.05000000063698263,0.06421038520605432
2021-09-30,0.25,0.25,0.25,0.25,0.050011274158472126,0.2657660114623418,0.4417769697511237,0.24244574462806237,0.44999999584413786,0.17295154551932468,0.05000000180764193,0.3270484568288955,0.44999999584413786,0.17295154551932468,0.05000000180764193,0.3270484568288955
2021-10-31,0.25,0.25,0.25,0.25,0.0950300023124599,0.21086977486922776,0.4317026206447592,0.26239760217355323,0.4499999998461061,0.4353057724607164,0.05000000485976365,0.06469422283341379,0.4499999998461061,0.4353057724607164,0.05000000485976365,0.06469422283341379
2021-11-30,0.25,0.25,0.25,0.25,0.08190206024971443,0.2507963578156912,0.4030605165419478,0.26424106539264663,0.44999980225699937,0.4499999912269778,0.05000003113448706,0.05000017538153571,0.44999980225699937,0.4499999912269778,0.05000003113448706,0.05000017538153571
2021-12-31,0.25,0.25,0.25,0.25,0.07304762822162982,0.2559016204997339,0.39231461472018714,0.27873613655844903,0.04999999999998986,0.050000000142765295,0.44999999986213723,0.4499999999951076,0.04999999999998986,0.050000000142765295,0.44999999986213723,0.4499999999951076
2022-01-31,0.25,0.25,0.25,0.25,0.07101288372579231,0.26101088718274007,0.3973936615600351,0.27058256753143256,0.25728580285448627,0.44999999998461443,0.050000000018681594,0.24271419714221773,0.25728580285448627,0.44999999998461443,0.050000000018681594,0.24271419714221773
2022-02-28,0.25,0.25,0.25,0.25,0.0828602690520804,0.23223449316284384,0.41233946319958303,0.27256577458549286,0.05001532436559768,0.44999996023715294,0.4499847060158872,0.05000000938136223,0.05001532436559768,0.44999996023715294,0.4499847060158872,0.05000000938136223
2022-03-31,0.25,0.25,0.25,0.25,0.08501596085954072,0.21102989366995117,0.44227086683779354,0.2616832786327146,0.4500000000138324,0.20177672716535663,0.05000000049562,0.29822327232519097,0.4500000000138324,0.20177672716535663,0.05000000049562,0.29822327232519097
2022-04-30,0.25,0.25,0.25,0.25,0.09075707323773634,0.21775735544059227,0.44308640344478584,0.24839916787688562,0.15591059011562844,0.05000106662883547,0.44999999934071955,0.3440883439148166,0.15591059011562844,0.05000106662883547,0.44999999934071955,0.3440883439148166
2022-05-31,0.25,0.25,0.25,0.25,0.14195707546829278,0.13285488761932554,0.4499988068689812,0.27518923004340046,0.050000024721804565,0.08166790104948071,0.41833208422739077,0.449999990001324,0.050000024721804565,0.08166790104948071,0.41833208422739077,0.449999990001324
2022-06-30,0.25,0.25,0.25,0.25,0.1305284446158782,0.12681487327019447,0.4496615323764184,0.29299514973750895,0.05000003918566976,0.050000004646275,0.4499999578670746,0.4499999983009806,0.05000003918566976,0.050000004646275,0.4499999578670746,0.4499999983009806
2022-07-31,0.25,0.25,0.25,0.25,0.12127884065408018,0.11043860046592471,0.44999952896098117,0.318283029919014,0.05000000983311252,0.05000000086278558,0.4499999903881169,0.44999999891598497,0.05000000983311252,0.05000000086278558,0.4499999903881169,0.44999999891598497
2022-08-31,0.25,0.25,0.25,0.25,0.12192420612468292,0.11788384151252468,0.44998868359197597,0.3102032687708165,0.05000032926253055,0.050000053613615675,0.449999623661081,0.4499999934627728,0.05000032926253055,0.050000053613615675,0.449999623661081,0.4499999934627728
2022-09-30,0.25,0.25,0.25,0.25,0.1383996969723347,0.05000299310946969,0.4499961574816737,0.36160115243652186,0.2031785271041865,0.05000000845809501,0.2968216740297591,0.4499997904079594,0.2031785271041865,0.05000000845809501,0.2968216740297591,0.4499997904079594
2022-10-31,0.25,0.25,0.25,0.25,0.12782883568619743,0.05000006165798888,0.44999983273254984,0.3721712699232638,0.33150384398278765,0.050000001193243965,0.4499999986103885,0.16849615621357983,0.33150384398278765,0.050000001193243965,0.4499999986103885,0.16849615621357983
2022-11-30,0.25,0.25,0.25,0.25,0.1365693324128287,0.05000030715661852,0.44999963039768787,0.3634307300328649,0.4350407942928845,0.05000003994713611,0.32418890679317286,0.1907702589668066,0.4350407942928845,0.05000003994713611,0.32418890679317286,0.1907702589668066
2022-12-31,0.25,0.25,0.25,0.25,0.13894847653826434,0.050000302875789264,0.4499994857040943,0.36105173488185216,0.050000002970429676,0.050000032570293014,0.4499999920139627,0.44999997244531464,0.050000002970429676,0.050000032570293014,0.4499999920139627,0.44999997244531464
2023-01-31,0.25,0.25,0.25,0.25,0.13430478265293894,0.050000094469551504,0.4499999324392814,0.3656951904382281,0.05000002909540352,0.05000000217808963,0.4499999962078626,0.44999997251864426,0.05000002909540352,0.05000000217808963,0.4499999962078626,0.44999997251864426
2023-02-28,0.25,0.25,0.25,0.25,0.12369944330918405,0.05000005885880721,0.4215755561161312,0.4047249417158774,0.3193612004246339,0.05000000183667097,0.18063880071233868,0.44999999702635646,0.3193612004246339,0.05000000183667097,0.18063880071233868,0.44999999702635646
2023-03-31,0.25,0.25,0.25,0.25,0.12908637217362187,0.0500005039314053,0.38612011922281514,0.4347930046721578,0.42645829800737795,0.05000073197687792,0.07354097650547026,0.4499999935102739,0.42645829800737795,0.05000073197687792,0.07354097650547026,0.4499999935102739
2023-04-30,0.25,0.25,0.25,0.25,0.26902013090890986,0.05000015243969445,0.36905249221643566,0.31192722443496007,0.05000000001682265,0.05000000028534528,0.44999999994104317,0.44999999975678906,0.05000000001682265,0.05000000028534528,0.44999999994104317,0.44999999975678906
2023-05-31,0.25,0.25,0.25,0.25,0.36067264231066765,0.05000034185445818,0.4211024127469994,0.1682246030878749,0.4499999007977153,0.050000045736006055,0.44999331653312563,0.05000673693315301,0.4499999007977153,0.050000045736006055,0.44999331653312563,0.05000673693315301
2023-06-30,0.25,0.25,0.25,0.25,0.37780117762283577,0.05000015825593653,0.4129731664841986,0.15922549763702912,0.4499992973346414,0.05000000285270481,0.4499999897272344,0.050000710085419564,0.4499992973346414,0.05000000285270481,0.4499999897272344,0.050000710085419564
2023-07-31,0.25,0.25,0.25,0.25,0.4215797887018934,0.050000801265478685,0.41003219410527797,0.11838721592735009,0.050000316957638215,0.2163538227386265,0.28364586048889445,0.44999999981484085,0.050000316957638215,0.2163538227386265,0.28364586048889445,0.44999999981484085
2023-08-31,0.25,0.25,0.25,0.25,0.4499884535945316,0.05000150153141119,0.4499986291301183,0.05001141574393882,0.44999998559722953,0.05000016776501208,0.4499998448063486,0.05000000183140989,0.44999998559722953,0.05000016776501208,0.4499998448063486,0.05000000183140989
2023-09-30,0.25,0.25,0.25,0.25,0.44999748399803935,0.0500001844027751,0.4499998687437744,0.05000246285541127,0.4499974178978887,0.44999996054319713,0.050002616111082,0.05000000544783213,0.4499974178978887,0.44999996054319713,0.050002616111082,0.05000000544783213
2023-10-31,0.25,0.25,0.25,0.25,0.4499996568408322,0.05000017126780208,0.449999734733956,0.05000043715740978,0.44999954300732875,0.10056715646230414,0.3994332794269354,0.05000002110343179,0.44999954300732875,0.10056715646230414,0.3994332794269354,0.05000002110343179
2023-11-30,0.25,0.25,0.25,0.25,0.44999965933460795,0.05000011125050889,0.4499999037742837,0.05000032564059938,0.050000000787942554,0.05000001223107939,0.4499999990553007,0.44999998792567736,0.050000000787942554,0.05000001223107939,0.4499999990553007,0.44999998792567736
2023-12-31,0.25,0.25,0.25,0.25,0.44999978206471963,0.050000576457119826,0.4499992718540836,0.05000036962407695,0.15952477359005623,0.050000244972524206,0.4499999151913538,0.3404750662460658,0.15952477359005623,0.050000244972524206,0.4499999151913538,0.3404750662460658
2024-01-31,0.25,0.25,0.25,0.25,0.44999996075995097,0.050000110810246204,0.44999989256258466,0.050000035867218205,0.4499999994136963,0.05000000223371904,0.4499999910383716,0.05000000731421305,0.4499999994136963,0.05000000223371904,0.4499999910383716,0.05000000731421305
2024-02-29,0.25,0.25,0.25,0.25,0.44999993817840656,0.05000018807128534,0.44999982692560486,0.05000004682470313,0.05000024987855536,0.3610798675861012,0.44999998073034314,0.13891990180500036,0.05000024987855536,0.3610798675861012,0.44999998073034314,0.13891990180500036
2024-03-31,0.25,0.25,0.25,0.25,0.44999986851920426,0.0500003501015733,0.4499997201118832,0.050000061267339246,0.4499993095613774,0.44999992820504253,0.050000757496618295,0.05000000473696193,0.4499993095613774,0.44999992820504253,0.050000757496618295,0.05000000473696193
2024-04-30,0.25,0.25,0.25,0.25,0.4499998804378628,0.05000036199397025,0.4499996906363058,0.05000006693186127,0.44999999698311793,0.05000001076184681,0.449999992053979,0.05000000020105614,0.44999999698311793,0.05000001076184681,0.449999992053979,0.05000000020105614
2024-05-31,0.25,0.25,0.25,0.25,0.44999993457213355,0.05000015171137168,0.44999987999303803,0.05000003372345683,0.27200456972370385,0.22799543118443452,0.4499999991008155,0.04999999999104622,0.27200456972370385,0.22799543118443452,0.4499999991008155,0.04999999999104622
2024-06-30,0.25,0.25,0.25,0.25,0.4499989016209098,0.0500025611354256,0.44999789600224466,0.05000064124141991,0.44999997006922543,0.05000002849694381,0.4499999983249632,0.05000000310886757,0.44999997006922543,0.05000002849694381,0.4499999983249632,0.05000000310886757
2024-07-31,0.25,0.25,0.25,0.25,0.44999956408220804,0.05000066342987264,0.44999959737667866,0.050000175111240636,0.050000028430560346,0.4499999692099159,0.44999999925628026,0.05000000310324352,0.050000028430560346,0.4499999692099159,0.44999999925628026,0.05000000310324352
2024-08-31,0.25,0.25,0.25,0.25,0.4499995064957383,0.0500007543066177,0.44999954964369115,0.05000018955395289,0.05000000178820132,0.05000008357165989,0.4499999932769664,0.44999992136317235,0.05000000178820132,0.05000008357165989,0.4499999932769664,0.44999992136317235
2024-09-30,0.25,0.25,0.25,0.25,0.4499996176853526,0.05000106411386576,0.4499990915527276,0.05000022664805388,0.44999997814929105,0.09773269336059484,0.4022673280451442,0.05000000044496979,0.44999997814929105,0.09773269336059484,0.4022673280451442,0.05000000044496979
2024-10-31,0.25,0.25,0.25,0.25,0.4499999949461274,0.05000001205515197,0.449999990882818,0.05000000211590265,0.11017913408655988,0.449999891210699,0.051265857632716356,0.38855511707002477,0.11017913408655988,0.449999891210699,0.051265857632716356,0.38855511707002477
2024-11-30,0.25,0.25,0.25,0.25,0.44999999070560615,0.05000001086418716,0.44999999680630925,0.050000001623897505,0.05000000136117598,0.4499999978270268,0.44999999996966694,0.05000000084213032,0.05000000136117598,0.4499999978270268,0.44999999996966694,0.05000000084213032
2024-12-31,0.25,0.25,0.25,0.25,0.4499999731762802,0.050000040354586064,0.4499999830780258,0.050000003391107835,0.05000004382341092,0.44999995260741193,0.4499999988431181,0.05000000472605909,0.05000004382341092,0.44999995260741193,0.4499999988431181,0.05000000472605909
2025-01-31,0.25,0.25,0.25,0.25,0.4499999623747826,0.050000053327837315,0.449999980314905,0.05000000398247522,0.05000010037744907,0.4499999914340969,0.4499999052485097,0.05000000293994449,0.05000010037744907,0.4499999914340969,0.4499999052485097,0.05000000293994449
2025-02-28,0.25,0.25,0.25,0.25,0.4499999163791536,0.050000103642371424,0.4499999743421521,0.050000005636322946,0.4499885005221165,0.05001148673138806,0.44999995555376204,0.05000005719273347,0.4499885005221165,0.05001148673138806,0.44999995555376204,0.05000005719273347
2025-03-31,0.25,0.25,0.25,0.25,0.449999170199285,0.05000082535524702,0.4499999538274284,0.05000005061803967,0.05000001345039444,0.4499999861340569,0.44999999948200464,0.050000000933544064,0.05000001345039444,0.4499999861340569,0.44999999948200464,0.050000000933544064
2025-04-30,0.25,0.25,0.25,0.25,0.43628726460104467,0.06371283071181956,0.4499997651028651,0.05000013958427052,0.44999989491353887,0.05000004150244173,0.4499999976550615,0.050000065928957886,0.44999989491353887,0.05000004150244173,0.4499999976550615,0.050000065928957886
2025-05-31,0.25,0.25,0.25,0.25,0.39623246551915325,0.10376766449945458,0.44999980232160025,0.05000006765979176,0.050000001049758144,0.0499999999995749,0.44999999980699507,0.44999999914367195,0.050000001049758144,0.0499999999995749,0.44999999980699507,0.44999999914367195
2025-06-30,0.25,0.25,0.25,0.25,0.4028413840930851,0.09715894198030242,0.44999961305119507,0.05000006087541748,0.44999995098477297,0.05000004289933161,0.44999999866115237,0.050000007454743145,0.44999995098477297,0.05000004289933161,0.44999999866115237,0.050000007454743145
2025-07-31,0.25,0.25,0.25,0.25,0.3779284531294453,0.12207223891014547,0.4499993006704468,0.05000000728996253,0.13687978179905574,0.3631202077845058,0.44999999825320647,0.05000001216323199,0.13687978179905574,0.3631202077845058,0.44999999825320647,0.05000001216323199
2025-08-31,0.25,0.25,0.25,0.25,0.31147402663075796,0.1885270470536456,0.4499989223762053,0.050000003939391066,0.05000003781911397,0.44999947967868714,0.44999999711000127,0.0500004853921977,0.05000003781911397,0.44999947967868714,0.44999999711000127,0.0500004853921977
2025-09-30,0.25,0.25,0.25,0.25,0.2703754133947355,0.22962467651235777,0.4499999097334138,0.05000000035949295,0.424126997361419,0.07587296206539884,0.4499999918045247,0.05000004876865743,0.424126997361419,0.07587296206539884,0.4499999918045247,0.05000004876865743
2025-10-31,0.25,0.25,0.25,0.25,0.22193458347401993,0.2780867390800268,0.4499786496507876,0.05000002779516561,0.4499999532538491,0.05000004572660518,0.44999999975494326,0.05000000126460251,0.4499999532538491,0.05000004572660518,0.44999999975494326,0.05000000126460251
2025-11-30,0.25,0.25,0.25,0.25,0.22244956944778593,0.27755091989838965,0.4499995101426656,0.05000000051115885,0.050000276004837446,0.4499997211745641,0.44999999930294327,0.05000000351765516,0.050000276004837446,0.4499997211745641,0.44999999930294327,0.05000000351765516
2025-12-31,0.25,0.25,0.25,0.25,0.22606160064056885,0.2739396476095255,0.4499987486681158,0.050000003081789986,0.4499999424749601,0.05000005629070303,0.44999999974455795,0.050000001489778956,0.4499999424749601,0.05000005629070303,0.44999999974455795,0.050000001489778956
2026-01-31,0.25,0.25,0.25,0.25,0.21424854949182523,0.2857516956812572,0.4499997545137466,0.05000000031317095,0.050000063352021965,0.44999992963191465,0.44999999867355794,0.050000008342505294,0.050000063352021965,0.44999992963191465,0.44999999867355794,0.050000008342505294
2026-02-28,0.25,0.25,0.25,0.25,0.18729427567871668,0.312712318548429,0.4499933898170427,0.05000001595581171,0.3045963959052186,0.19540360241004953,0.4499999989097649,0.050000002774967016,0.3045963959052186,0.19540360241004953,0.4499999989097649,0.050000002774967016
