Date,IN_CPI_YoY,IN_IIP_YoY,IN_CLI_OECD,IN_Business_Confidence,IN_Repo_Rate,IN_Real_Repo_Rate,IN_10Y_Yield,US_10Y_Yield,US_Yield_Curve_Spread,US_Credit_Spread,USDINR,Oil_Brent_USD,US_VIX,Nifty50_MoM_Return,SP500_MoM_Return
2005-01-31,,57.161530,99.909740,102.050900,6.000000,,,4.221500,0.999000,0.660000,43.660000,44.509000,12.820000,,
2005-02-28,,57.882140,99.945550,101.877400,6.000000,,,4.165263,0.780526,0.620000,43.560001,45.475000,12.080000,,1.890335
2005-03-31,,58.861610,99.984540,101.925300,6.000000,,,4.497727,0.770909,0.660000,43.610001,53.104545,14.020000,,-1.911766
2005-04-30,,56.361870,100.024900,102.106700,6.000000,,,4.340952,0.687143,0.720000,43.380001,51.883810,15.310000,,-2.010858
2005-05-31,,56.697110,100.064700,102.320900,6.000000,,,4.144286,0.500476,0.860000,43.619999,48.645455,13.290000,,2.995205
2005-06-30,,57.686860,100.102500,102.505800,6.000000,,,3.998182,0.357727,0.900000,43.459999,54.354545,12.040000,,-0.014271
2005-07-31,,56.588780,100.138900,102.657700,6.000000,,,4.177500,0.306500,0.890000,43.349998,57.520000,11.570000,,3.596829
2005-08-31,,58.069180,100.175200,102.779100,6.000000,,,4.262609,0.218261,0.870000,43.980000,63.983478,12.600000,,-1.122210
2005-09-30,,57.778930,100.212700,102.859800,6.000000,,,4.199048,0.252857,0.900000,43.930000,62.908182,11.920000,,0.694902
2005-10-31,,59.006670,100.252100,102.888500,6.000000,,,4.463500,0.192500,0.950000,45.040001,58.538571,15.320000,,-1.774078
2005-11-30,,58.171990,100.293200,102.830700,6.000000,,,4.535000,0.118500,0.970000,45.860001,55.241818,12.060000,,3.518610
2005-12-31,,60.263030,100.335900,102.658200,6.000000,,,4.467143,0.062857,0.950000,44.970001,56.855714,12.070000,,-0.095235
2006-01-31,4.372621,61.252280,100.380200,102.465900,6.000000,1.627379,,4.416000,0.020500,0.950000,43.900002,62.985238,12.950000,,2.546677
2006-02-28,4.571434,61.554990,100.426400,102.386300,6.000000,1.428566,,4.568947,-0.099474,0.920000,44.250000,60.210000,12.340000,,0.045316
2006-03-31,4.571434,62.726170,100.475500,102.525300,6.000000,1.428566,,4.723913,-0.010000,0.880000,44.528000,62.064783,11.390000,,1.109581
2006-04-30,4.652819,62.039100,100.529700,102.783300,6.000000,1.347181,,4.990526,0.101579,0.840000,44.901001,70.260000,11.590000,,1.215565
2006-05-31,5.925414,62.788990,100.590800,103.038500,6.000000,0.074586,,5.110000,0.141818,0.800000,46.160000,69.776957,16.440001,,-3.091692
2006-06-30,7.269132,62.897130,100.660100,103.209900,6.000000,-1.269132,,5.106364,-0.015455,0.890000,45.805000,68.555909,13.080000,,0.008660
2006-07-31,6.332181,64.997830,100.736800,103.323600,6.000000,-0.332181,,5.087500,-0.031000,0.910000,46.419998,73.674286,14.950000,,0.508588
2006-08-31,5.938365,63.912740,100.819500,103.420700,6.000000,0.061635,,4.876522,-0.026957,0.910000,46.476002,73.230435,12.310000,,2.127419
2006-09-30,6.398643,65.533790,100.906900,103.523700,6.000000,-0.398643,,4.719000,-0.050000,0.920000,45.715000,61.958571,11.980000,,2.456630
2006-10-31,6.917449,64.423360,100.998700,103.618200,6.000000,-0.917449,,4.729048,-0.066667,0.910000,44.834999,57.808182,11.100000,,3.150800
2006-11-30,5.950752,70.065360,101.095100,103.666000,6.000000,0.049248,,4.595238,-0.145238,0.870000,44.550999,58.761364,10.910000,,1.646666
2006-12-31,6.528666,68.846890,101.195900,103.625600,6.000000,-0.528666,,4.564500,-0.109000,0.900000,44.040001,62.472105,11.560000,,1.261578
2007-01-31,6.722692,69.809100,101.299400,103.520400,6.000000,-0.722692,,4.759524,-0.116667,0.940000,44.005001,53.681429,10.420000,,1.405904
2007-02-28,7.563026,70.207220,101.403200,103.369300,6.000000,-1.563026,,4.722632,-0.126316,0.890000,44.015999,57.555789,15.420000,,-2.184618
2007-03-31,6.722692,71.706610,101.504400,103.183300,6.000000,-0.722692,,4.564545,-0.009091,0.970000,43.044998,62.050455,14.640000,,0.997998
2007-04-30,6.666670,72.583760,101.599800,103.006700,6.000000,-0.666670,,4.693810,0.027619,0.920000,40.969002,67.485789,14.220000,,4.329069
2007-05-31,6.611573,74.702070,101.686100,102.895600,6.000000,-0.611573,,4.746364,-0.020000,0.920000,40.546001,67.212273,13.050000,,3.254923
2007-06-30,5.691062,75.157010,101.759900,102.886900,6.000000,0.308938,,5.102857,0.122381,0.910000,40.529999,71.045714,16.230000,,-1.781632
2007-07-31,6.451616,75.267150,101.818100,102.900800,6.000000,-0.451616,,5.004286,0.185238,0.920000,40.397999,76.930000,23.520000,,-3.198188
2007-08-31,7.258066,75.490850,101.857200,102.830300,6.000000,-1.258066,,4.674783,0.361739,0.860000,40.575001,70.760870,23.379999,,1.286357
2007-09-30,6.400004,74.422500,101.872700,102.607000,6.000000,-0.400004,,4.521579,0.510000,0.850000,39.575001,77.173158,18.000000,,3.579401
2007-10-31,5.511795,76.697700,101.859000,102.351300,6.000000,0.488205,,4.527727,0.560000,0.820000,39.174000,82.340000,18.530001,17.511223,1.482234
2007-11-30,5.511795,77.303140,101.810500,102.237700,6.000000,0.488205,,4.148500,0.812000,0.960000,39.455002,92.414286,22.870001,-2.337029,-4.404342
2007-12-31,5.511795,78.402400,101.723800,102.393200,6.000000,0.488205,,4.097500,0.980500,1.160000,39.244999,90.926842,22.500000,6.522061,-0.862851
2008-01-31,5.511795,79.281040,101.597800,102.651900,6.000000,0.488205,,3.744286,1.268571,1.210000,39.313999,92.178095,26.200001,-16.309091,-6.116343
2008-02-29,5.468755,79.271010,101.434000,102.777400,6.000000,0.531245,,3.737500,1.764500,1.290000,39.910000,94.986500,26.540001,1.674952,-3.476119
2008-03-31,7.874014,80.159970,101.235600,102.580900,6.000000,-1.874014,,3.510000,1.893000,1.380000,39.889000,103.635500,25.610001,-9.361539,-0.595962
2008-04-30,7.812498,79.952000,101.006600,102.172500,6.000000,-1.812498,,3.675000,1.627727,1.420000,40.386002,109.071364,20.790001,9.111837,4.754670
2008-05-31,7.751936,80.186290,100.751700,101.671000,6.000000,-1.751936,,3.880000,1.434286,1.360000,42.530998,122.797143,17.830000,-5.726007,1.067418
2008-06-30,7.692306,81.272930,100.476800,101.124800,6.000000,-1.692306,,4.099524,1.325714,1.390000,42.852001,132.322381,23.950001,-17.033532,-8.596238
2008-07-31,8.333350,79.207310,100.188700,100.526600,6.000000,-2.333350,,4.007727,1.434545,1.490000,42.433998,132.718182,22.940001,7.236642,-0.985937
2008-08-31,9.022571,80.130970,99.895390,99.802590,6.000000,-3.022571,,3.885714,1.465238,1.510000,43.625000,113.243333,20.650000,0.624281,1.219046
2008-09-30,9.774449,82.155180,99.606330,98.853870,6.000000,-3.774449,,3.686190,1.610000,1.660000,46.601002,97.234762,39.389999,-10.064221,-9.079143
2008-10-31,10.447772,79.676750,99.332580,97.723630,6.000000,-4.447772,,3.814091,2.201818,2.600000,49.403000,71.582174,59.889999,-26.410279,-16.942452
2008-11-30,10.447772,78.960450,99.086240,96.442830,6.000000,-4.447772,,3.526667,2.313889,3.090000,49.869999,52.452632,55.279999,-4.522456,-7.484904
2008-12-31,9.701505,76.891810,98.879840,95.057370,6.000000,-3.701505,,2.416364,1.595455,3.380000,48.064999,39.946818,40.000000,7.406257,0.782158
2009-01-31,10.447772,75.375240,98.725720,93.805910,6.000000,-4.447772,,2.517500,1.710500,3.090000,48.733002,43.439500,44.840000,-2.850476,-8.565734
2009-02-28,9.629621,76.243260,98.633030,93.085200,6.000000,-3.629621,,2.870000,1.894737,2.810000,50.650002,43.324737,46.349998,-3.866361,-10.993120
2009-03-31,8.029193,75.690120,98.604620,93.281570,6.000000,-2.029193,,2.819545,1.888182,2.920000,50.784000,46.540455,44.139999,9.310154,8.540446
2009-04-30,8.695646,78.059140,98.636340,94.071510,6.000000,-2.695646,,2.927143,2.000000,3.000000,49.188000,50.181905,36.500000,14.995283,9.392508
2009-05-31,8.633088,78.975250,98.718540,95.149560,6.000000,-2.633088,,3.293000,2.363500,2.520000,46.969002,57.302500,28.920000,28.066042,5.308145
2009-06-30,9.285726,79.588470,98.839840,96.362490,6.000000,-3.285726,,3.721818,2.537727,1.890000,47.800999,68.609545,26.350000,-3.548030,0.019583
2009-07-31,11.888095,80.455800,98.989730,97.555520,6.000000,-5.888095,,3.562273,2.543182,1.680000,47.625999,64.435455,25.920000,8.048055,7.414173
2009-08-31,11.724140,84.522790,99.159650,98.575340,6.000000,-5.724140,,3.587143,2.471905,1.320000,48.750000,72.508571,26.010000,0.553223,3.356019
2009-09-30,11.643838,83.588320,99.343030,99.293040,6.000000,-5.643838,,3.401905,2.445714,1.180000,47.810001,67.646190,25.610001,9.048499,3.572335
2009-10-31,11.486489,81.635930,99.535270,99.800270,6.000000,-5.486489,,3.387619,2.438571,1.140000,46.917999,72.769545,30.690001,-7.322062,-1.976200
2009-11-30,13.513511,84.062580,99.733150,100.166300,6.000000,-7.513511,,3.402632,2.599474,1.130000,46.458000,76.662000,24.510000,6.812827,5.736406
2009-12-31,14.965979,84.272390,99.934320,100.405300,6.000000,-8.965979,,3.590000,2.715455,1.110000,46.400002,74.456364,21.680000,3.345115,1.777057
2010-01-31,16.216223,85.803340,100.136600,100.585500,6.000000,-10.216223,,3.733158,2.804211,0.990000,46.098000,76.167368,24.620001,-6.133377,-3.697425
2010-02-28,14.864858,86.705400,100.338000,100.760900,6.000000,-8.864858,,3.691053,2.834211,0.990000,45.900002,73.752105,19.500000,0.824449,2.851369
2010-03-31,14.864858,86.647500,100.536500,100.963700,6.000000,-8.864858,,3.727391,2.768696,1.000000,44.799999,78.827391,17.590000,6.639179,5.879643
2010-04-30,13.333331,88.029760,100.729900,101.199600,6.000000,-7.333331,,3.846818,2.786364,0.960000,44.250000,84.817619,22.049999,0.550569,1.475923
2010-05-31,13.907298,85.583400,100.915800,101.477100,6.000000,-7.907298,,3.420000,2.589500,1.090000,46.358002,75.945500,32.070000,-3.632061,-8.197584
2010-06-30,13.725485,85.473830,101.090800,101.803900,6.000000,-7.725485,,3.204091,2.479545,1.350000,46.400002,74.760909,34.540001,4.447245,-5.388244
2010-07-31,11.250001,88.688860,101.251000,102.140400,6.000000,-5.250001,,3.011429,2.394762,1.290000,46.360001,75.580000,23.500000,1.037178,6.877785
2010-08-31,9.876531,88.033060,101.391600,102.428300,6.000000,-3.876531,,2.698636,2.178182,1.170000,46.873001,77.039545,26.049999,0.648331,-4.744918
2010-09-30,9.815939,88.798970,101.508300,102.609200,6.000000,-3.815939,,2.647619,2.167619,1.130000,44.689999,77.840476,23.700001,11.616139,8.755110
2010-10-31,9.696974,91.138980,101.597300,102.691700,6.000000,-3.696974,,2.540000,2.164000,1.040000,44.419998,82.664762,21.200001,-0.203153,3.685599
2010-11-30,8.333341,89.536690,101.655400,102.660600,6.000000,-2.333341,,2.763000,2.309000,1.050000,45.799999,85.274762,23.540001,-2.575735,-0.229025
2010-12-31,9.467460,91.170190,101.680700,102.484600,6.000000,-3.467460,,3.290909,2.672727,1.080000,44.810001,91.446818,17.750000,4.636086,6.530004
2011-01-31,9.302314,92.239470,101.672200,102.237800,6.000000,-3.302314,,3.394000,2.779500,1.050000,45.838001,96.523500,19.530001,-10.246965,2.264557
2011-02-28,8.823536,92.426980,101.630400,101.992900,6.000000,-2.823536,,3.576316,2.803684,0.930000,45.250000,103.716316,18.350000,-3.135725,3.195656
2011-03-31,8.823536,94.704830,101.557100,101.786100,6.000000,-2.823536,,3.414348,2.716957,0.900000,44.610001,114.643478,17.740000,9.384522,-0.104731
2011-04-30,9.411769,92.845660,101.455900,101.579000,6.000000,-3.411769,,3.455000,2.720500,0.860000,44.299999,123.258889,14.750000,-1.444183,2.849538
2011-05-31,8.720920,90.504120,101.331400,101.304600,6.000000,-2.720920,,3.168571,2.613333,0.820000,45.083000,114.989048,15.450000,-4.807373,-1.350095
2011-06-30,8.620695,93.747110,101.189900,100.912700,6.000000,-2.620695,,3.002273,2.591818,0.760000,44.759998,113.833182,16.520000,3.184663,-1.825746
2011-07-31,8.426972,92.089450,101.038500,100.482700,6.000000,-2.426972,,3.003000,2.596500,0.830000,44.009998,116.973500,25.250000,-2.928780,-2.147443
2011-08-31,8.988768,90.649550,100.884500,100.131300,6.000000,-2.988768,,2.303043,2.072609,0.990000,45.939999,110.219545,31.620001,-8.774170,-5.679111
2011-09-30,10.055867,91.040170,100.734000,99.958140,6.000000,-4.055867,,1.975238,1.763810,1.180000,48.860001,112.833810,42.959999,-1.154769,-7.176199
2011-10-31,9.392267,86.542740,100.590500,99.912590,6.000000,-3.392267,,2.152000,1.871500,1.390000,48.627998,109.550000,29.959999,7.755021,10.772304
2011-11-30,9.340661,95.132750,100.455900,99.941830,6.000000,-3.340661,,2.013500,1.760000,1.270000,51.903000,110.768095,27.799999,-9.284540,-0.505872
2011-12-31,6.486482,93.924160,100.331000,100.011200,6.000000,-0.486482,8.560000,1.978095,1.720952,1.320000,53.000000,107.870500,23.400000,-4.299418,0.853276
2012-01-31,5.319162,92.952300,100.215800,100.049900,6.000000,0.680838,8.235000,1.966500,1.726000,1.380000,52.493000,110.686000,19.440001,12.433238,4.358306
2012-02-29,7.567574,93.062040,100.110200,99.962140,7.750000,0.182426,8.192500,1.967500,1.689500,1.290000,49.068001,119.327000,18.430000,3.576481,4.058946
2012-03-31,8.648652,92.267270,100.013700,99.669570,9.500000,0.851348,8.374000,2.172727,1.828182,1.240000,51.338001,125.445455,15.500000,-1.664755,3.133231
2012-04-30,10.215053,90.605340,99.925920,99.279370,9.250000,-0.965053,8.587500,2.052857,1.760952,1.230000,52.537998,119.421667,17.150000,-0.895089,-0.749745
2012-05-31,10.160427,92.749280,99.846370,98.927560,9.000000,-1.160427,8.565000,1.803182,1.518182,1.270000,56.228001,110.339524,24.059999,-6.171697,-6.265073
2012-06-30,10.052909,91.551380,99.774170,98.719730,9.000000,-1.052909,8.204000,1.622381,1.330476,1.380000,56.798000,95.155714,17.080000,7.202110,3.955498
2012-07-31,9.844559,90.965100,99.707950,98.633440,9.000000,-0.844559,8.096667,1.526667,1.278571,1.470000,55.423000,102.618571,18.930000,-0.945271,1.259757
2012-08-31,10.309276,91.213310,99.646290,98.646230,9.000000,-1.309276,8.196000,1.678261,1.409565,1.430000,55.627998,113.356087,17.469999,0.564161,1.976337
2012-09-30,9.137057,89.841030,99.588120,98.742130,9.000000,-0.137057,8.175000,1.723158,1.467895,1.350000,53.007999,112.863684,15.730000,8.458682,2.423615
2012-10-31,9.595958,92.141840,99.533140,98.819010,9.000000,-0.595958,8.147500,1.746190,1.469048,1.110000,53.958000,111.710870,18.600000,-1.465811,-1.978941
2012-11-30,9.547737,91.129280,99.481510,98.735510,9.000000,-0.547737,8.202540,1.654000,1.386000,1.010000,54.838001,109.058571,15.870000,4.629249,0.284672
2012-12-31,11.167521,91.372570,99.433560,98.376990,9.000000,-2.167521,8.137500,1.719000,1.462000,0.980000,54.752998,109.494000,18.020000,0.429433,0.706823
2013-01-31,11.616154,91.366180,99.389530,97.881840,9.000000,-2.616154,7.872500,1.914762,1.649524,0.930000,53.303001,112.960000,14.280000,2.195558,5.042810
2013-02-28,12.060293,91.151140,99.349660,97.424510,8.750000,-3.310293,7.837500,1.984211,1.716842,0.950000,53.858002,116.050526,15.510000,-5.662210,1.106065
2013-03-31,11.442779,92.902530,99.314300,97.135280,8.650000,-2.792779,7.910000,1.957500,1.701500,0.920000,54.388000,108.474000,12.700000,-0.184435,3.598772
2013-04-30,10.243912,93.641290,99.283970,96.982140,8.500000,-1.743912,7.830000,1.759091,1.526818,0.860000,54.228001,102.248182,13.520000,4.358086,1.808577
2013-05-31,10.679620,93.184520,99.259220,96.938130,8.250000,-2.429620,7.502000,1.928182,1.677727,0.840000,56.377998,102.558636,16.299999,0.940103,2.076281
2013-06-30,11.057685,90.843380,99.240490,97.012800,8.250000,-2.807685,7.402150,2.300000,1.966500,0.920000,60.188000,102.919500,16.860001,-2.401457,-1.499930
2013-07-31,10.849063,93.663830,99.227810,97.174300,9.250000,-1.599063,7.724375,2.582273,2.241364,0.980000,60.807999,107.933182,13.450000,-1.715111,4.946208
2013-08-31,10.747670,95.038080,99.220850,97.417570,10.250000,-0.497670,8.328000,2.737273,2.380909,0.880000,67.389999,111.280455,17.010000,-4.705681,-3.129802
2013-09-30,10.697681,95.510480,99.218840,97.745650,9.875000,-0.822681,8.602500,2.809500,2.405500,0.830000,62.910000,111.596500,16.600000,4.815600,2.974952
2013-10-31,11.059900,93.931290,99.220480,98.069220,9.125000,-1.934900,8.572500,2.615909,2.280455,0.780000,61.320000,109.076522,13.750000,9.831223,4.459575
2013-11-30,11.467893,94.502710,99.224430,98.264940,8.750000,-2.717893,8.863040,2.718421,2.414737,0.750000,62.412998,107.792000,13.700000,-1.953435,2.804947
2013-12-31,9.132418,94.741450,99.229860,98.238300,8.750000,-0.382418,8.875368,2.901905,2.561905,0.760000,61.779999,110.756667,13.720000,2.070885,2.356279
2014-01-31,7.239822,95.966280,99.236880,98.114380,8.800000,1.560178,8.764540,2.858095,2.464286,0.700000,62.310001,108.117727,18.410000,-3.402602,-3.558291
2014-02-28,6.726462,96.028340,99.245930,98.054390,9.000000,2.273538,8.812500,2.709474,2.382632,0.650000,62.020000,108.900526,14.000000,3.078253,4.311703
2014-03-31,6.696433,95.873860,99.257130,98.169620,9.000000,2.303567,8.837500,2.723333,2.324286,0.680000,59.840000,107.480952,13.880000,6.806650,0.693217
2014-04-30,7.079649,97.412080,99.269610,98.371460,9.000000,1.920351,8.987500,2.705238,2.288095,0.660000,60.417999,107.755238,13.410000,-0.116349,0.620079
2014-05-31,7.017547,97.283420,99.282080,98.533290,9.000000,1.982453,8.752920,2.559048,2.170000,0.600000,58.900002,109.539091,11.400000,7.967718,2.103028
2014-06-30,6.493511,98.173920,99.293330,98.565970,9.000000,2.506489,8.633600,2.598571,2.146190,0.550000,60.037998,111.795238,11.570000,5.275277,1.905833
2014-07-31,7.234033,98.973530,99.302730,98.533110,9.000000,1.765967,8.655900,2.542273,2.035909,0.570000,60.250000,106.768182,16.950001,1.444549,-1.507983
2014-08-31,6.751047,98.135380,99.310250,98.526100,9.000000,2.248953,8.560640,2.420000,1.947619,0.610000,60.610001,101.608095,12.090000,3.018278,3.765530
2014-09-30,6.302514,98.955780,99.316570,98.604490,9.000000,2.697486,8.491150,2.534286,1.967619,0.690000,61.553001,97.091429,16.309999,0.131371,-1.551384
2014-10-31,4.979250,94.477840,99.323040,98.710620,9.000000,4.020750,8.401880,2.304091,1.858636,0.770000,61.432999,87.425217,14.030000,4.487249,2.320146
2014-11-30,4.115214,101.362700,99.331420,98.750850,9.000000,4.884786,8.186850,2.325556,1.798333,0.870000,61.853001,79.437895,13.330000,3.196869,2.453359
2014-12-31,5.857735,98.689780,99.343690,98.648980,9.000000,3.142265,7.955925,2.207273,1.571818,0.950000,63.377998,62.335000,19.200001,-3.557766,-0.418859
2015-01-31,7.172997,98.093040,99.361690,98.465720,8.850000,1.677003,7.793660,1.881500,1.330000,0.990000,61.796001,47.759500,20.969999,6.353003,-3.104081
2015-02-28,6.302514,98.865120,99.387020,98.277920,8.750000,2.447486,7.734200,1.975263,1.356316,0.900000,61.754002,58.095500,13.340000,0.405263,5.489251
2015-03-31,6.276155,98.182720,99.420920,98.139150,8.500000,2.223845,7.820800,2.042727,1.402273,0.900000,62.508999,55.885455,15.290000,-3.997915,-1.739611
2015-04-30,5.785118,98.111690,99.463980,98.045000,8.500000,2.714882,7.836967,1.935000,1.395000,0.960000,63.442001,59.524286,14.550000,-3.645036,0.852082
2015-05-31,5.737699,98.913910,99.516510,97.987720,8.500000,2.762301,7.852180,2.197500,1.588500,0.910000,63.825001,64.075000,13.840000,3.081958,1.049138
2015-06-30,6.097554,98.985120,99.578640,97.966480,8.250000,2.152446,7.805225,2.363636,1.675000,0.940000,63.723999,61.477727,18.230000,-0.772505,-2.101167
2015-07-31,4.365109,100.451500,99.650580,97.960530,8.250000,3.884891,7.816920,2.324545,1.656818,1.050000,64.117996,56.561304,12.120000,1.963908,1.974203
2015-08-31,4.347824,101.429200,99.732350,97.950530,8.250000,3.902176,7.785975,2.167143,1.469524,1.150000,66.142998,46.515000,28.430000,-6.581035,-6.258082
2015-09-30,5.138377,100.793400,99.823620,97.924480,8.250000,3.111623,7.732050,2.172857,1.459524,1.270000,65.919998,47.623182,24.500000,-0.281007,-2.644283
2015-10-31,6.324155,103.421800,99.923380,97.887680,7.750000,1.425845,7.596900,2.070000,1.425238,1.390000,65.444000,48.430000,15.070000,1.470643,8.298312
2015-11-30,6.719380,101.627400,100.029800,97.846800,7.750000,1.030620,7.745200,2.263158,1.378421,1.400000,66.900002,44.267619,16.129999,-1.618560,0.050487
2015-12-31,6.324155,102.134400,100.140300,97.804690,7.750000,1.425845,7.791575,2.242727,1.260000,1.490000,66.455002,38.005455,18.209999,0.139883,-1.753019
2016-01-31,5.905546,102.458000,100.250800,97.759240,7.750000,1.844454,7.668760,2.085263,1.185789,1.450000,68.093002,30.699500,20.200001,-4.817310,-5.073532
2016-02-29,5.533602,102.177900,100.357400,97.703500,7.750000,2.216398,7.720025,1.779500,1.046000,1.380000,68.730003,32.181500,20.549999,-7.622082,-0.412836
2016-03-31,5.511775,103.030500,100.456000,97.629100,7.750000,2.238225,7.584775,1.889091,1.014091,1.310000,66.367996,38.210455,13.950000,10.753467,6.599111
2016-04-30,5.859348,104.287800,100.544200,97.540040,7.150000,1.290652,7.436060,1.805238,1.037143,1.170000,66.438004,41.583333,15.700000,1.439573,0.269940
2016-05-31,6.589098,105.643300,100.619900,97.442990,7.000000,0.410902,7.279300,1.806190,0.990000,1.030000,67.133003,46.742381,14.190000,3.952971,1.532460
2016-06-30,6.130261,107.006400,100.681900,97.352460,7.000000,0.869739,7.502625,1.644091,0.912727,1.030000,67.416000,48.247273,15.630000,1.564318,0.091092
2016-07-31,6.463848,105.690800,100.729000,97.303740,7.000000,0.536152,7.350920,1.504000,0.831500,0.940000,67.007004,44.951905,11.870000,4.232150,3.560980
2016-08-31,5.302996,104.889600,100.760700,97.359500,7.000000,1.697004,7.141850,1.556522,0.819130,0.920000,67.126602,45.843043,13.420000,1.709790,-0.121924
2016-09-30,4.135296,105.728500,100.777600,97.574460,7.000000,2.864704,6.864380,1.630476,0.859524,0.900000,66.816299,46.567727,13.290000,-1.992327,-0.123445
2016-10-31,3.345646,108.241500,100.781800,97.855650,6.750000,3.404354,6.784525,1.764500,0.921500,0.870000,66.781403,49.522381,17.059999,0.311800,-1.942568
2016-11-30,2.592575,106.264700,100.776800,98.083430,6.750000,4.157425,6.613000,2.142000,1.162500,0.850000,68.608002,44.734091,13.330000,-4.786988,3.417452
2016-12-31,2.230398,104.898700,100.766900,98.166390,6.750000,4.519602,6.528120,2.491905,1.295238,0.770000,67.932999,53.308500,14.040000,-0.470548,1.820076
2017-01-31,1.858682,105.758100,100.757100,98.149540,6.750000,4.891318,6.791800,2.432500,1.226000,0.740000,67.820999,54.576667,11.990000,4.587212,1.788436
2017-02-28,2.621706,107.055300,100.752300,98.089390,6.750000,4.128294,6.979400,2.418947,1.217895,0.690000,66.693199,54.869500,12.920000,3.717891,3.719816
2017-03-31,2.611924,107.444300,100.756400,98.028750,6.750000,4.138076,7.117560,2.481739,1.168696,0.670000,64.790001,51.589130,12.370000,3.312654,-0.038920
2017-04-30,2.214036,108.013700,100.771200,98.014930,6.500000,4.285964,7.164850,2.297368,1.056316,0.700000,64.059998,52.307895,10.820000,1.420355,0.909121
2017-05-31,1.090916,108.272900,100.797700,98.118340,6.500000,5.409084,7.114400,2.303636,1.001818,0.700000,64.618599,50.326522,10.410000,3.409270,1.157625
2017-06-30,1.083039,106.703500,100.835800,98.404310,6.500000,5.416961,6.583020,2.186818,0.844545,0.690000,64.785103,46.368182,11.180000,-1.043000,0.481378
2017-07-31,1.785756,106.910900,100.885000,98.787700,6.500000,4.714244,6.549050,2.318000,0.945500,0.690000,64.123497,48.478571,10.260000,5.841876,1.934883
2017-08-31,2.518064,110.030200,100.944700,99.166940,6.250000,3.731936,6.602500,2.209130,0.873913,0.680000,63.976200,51.704348,10.590000,-1.579812,0.054643
2017-09-30,2.888135,110.555600,101.013600,99.460680,6.250000,3.361865,6.723840,2.202000,0.817500,0.670000,65.360001,56.152857,9.510000,-1.303711,1.930298
2017-10-31,3.237430,110.081400,101.089800,99.648570,6.250000,3.012570,6.943950,2.360000,0.810476,0.720000,64.842400,57.507727,10.180000,5.585071,2.218814
2017-11-30,3.971174,115.104000,101.171200,99.687560,6.250000,2.278826,7.165750,2.353333,0.656667,0.700000,64.414803,62.714091,11.280000,-1.052219,2.808263
2017-12-31,4.000057,112.798400,101.255200,99.534000,6.250000,2.249943,7.350760,2.402500,0.558500,0.710000,64.061996,64.373684,11.040000,2.974125,0.983163
2018-01-31,5.109552,113.241700,101.339000,99.314680,6.250000,1.140448,7.219725,2.583810,0.551905,0.710000,63.769901,69.077273,13.540000,4.719534,5.617870
2018-02-28,4.744522,114.381700,101.419900,99.186350,6.250000,1.505478,7.571275,2.858947,0.683684,0.690000,64.910004,65.317500,19.850000,-4.850065,-3.894737
2018-03-31,4.363664,113.140900,101.496100,99.261020,6.250000,1.886336,7.608060,2.842381,0.566667,0.770000,65.029999,66.016667,19.969999,-3.613407,-2.688450
2018-04-30,3.971174,112.721600,101.566700,99.440290,6.250000,2.278826,7.547875,2.869048,0.484762,0.820000,66.610001,72.106000,15.930000,6.186157,0.271877
2018-05-31,3.956891,112.485100,101.631300,99.592670,6.250000,2.293109,7.846075,2.977727,0.465909,0.830000,67.430000,76.975238,15.430000,-0.029790,2.160834
2018-06-30,3.928532,114.780600,101.690100,99.626370,6.450000,2.521468,7.935740,2.912381,0.379048,0.870000,68.796700,74.404762,16.090000,-0.203523,0.484244
2018-07-31,5.614035,113.573100,101.743200,99.588890,6.500000,0.885965,7.800625,2.889048,0.282381,0.920000,68.684998,74.254091,12.830000,5.993861,3.602156
2018-08-31,5.614035,115.380200,101.790600,99.549320,6.750000,1.135965,7.824580,2.889130,0.253478,0.890000,71.404999,72.528261,12.860000,2.852992,3.026321
2018-09-30,5.614035,116.272800,101.831700,99.551860,6.750000,1.135965,8.019075,3.004211,0.236316,0.900000,72.949997,78.891000,12.120000,-6.421384,0.429429
2018-10-31,5.226513,119.160600,101.866100,99.571340,6.750000,1.523487,7.924850,3.152273,0.291364,0.930000,73.650002,81.032174,21.230000,-4.975555,-6.940336
2018-11-30,4.861077,115.290400,101.892400,99.552710,6.750000,1.888923,7.784620,3.117000,0.258000,1.000000,69.919998,64.748182,18.070000,4.719065,1.785936
2018-12-31,5.244786,115.451900,101.909700,99.433530,6.750000,1.505214,7.373350,2.832632,0.156316,1.110000,69.922501,57.362353,25.420000,-0.130555,-9.177689
2019-01-31,6.597137,114.727000,101.916600,99.204660,6.750000,0.152863,7.347350,2.713810,0.170476,1.190000,71.120003,59.409545,16.570000,-0.290904,7.868440
2019-02-28,6.968623,114.489900,101.911700,98.819340,6.562500,-0.406123,7.431200,2.676316,0.172105,1.160000,71.190002,63.960500,14.780000,-0.355003,2.972889
2019-03-31,7.665521,116.268800,101.893000,98.212140,6.500000,-1.165521,7.413660,2.570952,0.161429,1.070000,69.500000,66.138571,13.710000,7.204077,1.792426
2019-04-30,8.333288,116.125900,101.857900,97.474180,6.250000,-2.083288,7.421075,2.532381,0.187619,1.010000,69.811798,71.233333,13.120000,1.539761,3.931350
2019-05-31,8.650538,117.852200,101.803700,96.704350,6.250000,-2.400538,7.327100,2.395000,0.188636,0.960000,69.980003,71.317727,18.709999,1.486612,-6.577773
2019-06-30,8.591089,116.797200,101.728200,95.991170,6.000000,-2.591089,6.968050,2.074000,0.260000,1.040000,69.324997,64.220500,15.080000,-1.123479,6.893016
2019-07-31,5.980012,118.547400,101.630000,95.426550,6.000000,0.019988,6.597725,2.059091,0.224091,0.990000,69.077499,63.919130,16.120001,-5.690543,1.312815
2019-08-31,6.312211,114.054300,101.508700,95.146960,5.720000,-0.592211,6.619120,1.626364,0.055000,0.890000,71.680199,59.041818,18.980000,-0.852222,-1.809163
2019-09-30,6.976696,111.000800,101.364200,95.225950,5.650000,-1.326696,6.813350,1.699500,0.051500,0.880000,70.498703,62.826667,16.240000,4.093168,1.718118
2019-10-31,7.615880,111.206800,101.197400,95.281750,5.400000,-2.215880,6.541800,1.706818,0.155455,0.910000,70.989998,59.713043,13.220000,3.512151,2.043177
2019-11-30,8.609263,117.999900,101.009300,94.776280,5.400000,-3.209263,6.634980,1.812105,0.199474,0.880000,71.547401,63.211905,12.620000,1.503686,3.404704
2019-12-31,9.634547,115.456600,100.801000,93.337370,5.400000,-4.234547,6.848575,1.862857,0.249524,0.870000,71.310997,67.217143,13.780000,0.932315,2.858982
2020-01-31,7.491932,117.092500,100.573700,91.642260,5.400000,-2.091932,6.821800,1.757619,0.238571,0.830000,71.639999,63.645455,18.840000,-1.695784,-0.162809
2020-02-29,6.840434,116.476300,100.329300,90.672350,5.400000,-1.440434,6.659650,1.504211,0.173158,0.830000,71.930000,55.657000,40.110001,-6.356322,-8.411048
2020-03-31,5.501594,94.195920,98.399970,91.224160,5.210000,-0.291594,6.701575,0.870000,0.421818,1.270000,75.400002,32.011364,53.540001,-23.246368,-12.511928
2020-04-30,5.448694,49.610620,88.659660,92.695080,4.650000,-0.798694,6.765150,0.657619,0.432857,1.700000,75.258499,18.378500,34.150002,14.680008,12.684404
2020-05-31,5.095542,79.076810,83.905430,94.379670,4.490000,-0.605542,5.915440,0.674000,0.503500,1.450000,75.959999,29.378947,27.510000,-2.835734,4.528182
2020-06-30,5.063294,97.291530,88.117530,95.846940,4.250000,-0.813294,5.855100,0.728636,0.543636,1.200000,75.699997,40.266818,30.430000,7.534209,1.838840
2020-07-31,5.329131,105.683200,92.334650,97.103820,4.250000,-1.079131,5.814520,0.623636,0.475455,1.170000,74.989998,43.242174,24.459999,7.487314,5.510132
2020-08-31,5.625035,106.158300,96.481380,98.220020,4.250000,-1.375035,6.010500,0.650000,0.510476,1.020000,73.128304,44.736000,26.410000,2.836061,7.006467
2020-09-30,5.636615,112.184600,97.750910,99.163230,4.250000,-1.386615,6.024675,0.679524,0.544762,1.050000,73.845001,40.909545,26.370001,-1.228981,-3.922797
2020-10-31,5.902145,116.368100,98.694880,99.774960,4.250000,-1.652145,5.944840,0.787143,0.637619,1.090000,74.264000,40.189545,38.020000,3.510548,-2.766579
2020-11-30,5.284761,116.110800,98.642880,99.709410,2.250000,-3.034761,5.895200,0.870000,0.704211,1.000000,73.940903,42.692381,20.570000,11.394126,10.754564
2020-12-31,3.686607,117.465300,98.621120,98.703860,4.250000,0.563393,5.892900,0.933636,0.797727,0.900000,73.134003,49.993636,22.750000,7.809420,3.712146
2021-01-31,3.162903,116.757600,98.620120,97.526180,4.250000,1.087097,5.941620,1.081053,0.950000,0.790000,72.938797,54.774000,33.090000,-2.482882,-1.113666
2021-02-28,4.494454,116.609000,98.793170,97.258360,4.250000,-0.244454,6.193500,1.257895,1.142632,0.720000,73.150902,62.276500,27.950001,6.560888,2.609145
2021-03-31,5.665686,116.704600,96.967630,98.751980,4.250000,-1.415686,6.350775,1.610870,1.463913,0.700000,73.445297,65.410000,19.400000,1.111901,4.243863
2021-04-30,5.139898,115.891900,95.147060,101.174000,4.250000,-0.889898,6.280100,1.635000,1.471818,0.700000,74.105797,64.806500,18.610001,-0.405703,5.242532
2021-05-31,5.257642,101.103200,93.310560,103.453100,4.250000,-1.007642,6.225375,1.621000,1.466000,0.660000,72.393501,68.534211,16.760000,6.504639,0.548649
2021-06-30,5.577861,110.954900,95.230740,104.798400,4.250000,-1.327861,6.267675,1.519091,1.316364,0.650000,74.287598,73.164091,15.830000,0.890085,2.221401
2021-07-31,5.263891,117.843600,97.078740,105.360000,4.250000,-1.013891,6.208420,1.318571,1.099048,0.670000,74.251999,75.165909,18.240000,0.264287,2.274805
2021-08-31,4.811459,119.632600,98.819980,105.304100,4.250000,-0.561459,6.280325,1.283182,1.065909,0.690000,73.411201,70.747143,16.480000,8.685815,2.899042
2021-09-30,4.403007,117.324500,98.862370,104.671300,4.250000,-0.153007,6.188300,1.374762,1.133810,0.700000,74.321999,74.488636,23.139999,2.836479,-4.756917
2021-10-31,4.518826,121.342700,98.905200,103.852500,4.250000,-0.268826,6.359780,1.582500,1.190000,0.670000,74.797203,83.538095,16.260000,0.303664,6.914384
2021-11-30,4.837359,116.987700,98.946960,103.255500,4.250000,-0.587359,6.354375,1.559500,1.051500,0.660000,75.054901,81.050000,27.190001,-3.895794,-0.833371
2021-12-31,5.555543,118.586300,98.987240,103.158000,4.250000,-1.305543,6.440320,1.465000,0.785000,0.650000,74.431198,74.170476,17.219999,2.183638,4.361291
2022-01-31,5.837608,119.009900,99.027520,103.338100,4.250000,-1.587608,6.643025,1.764000,0.783500,0.650000,75.039001,86.505238,24.830000,-0.081832,-5.258517
2022-02-28,5.042049,117.988700,99.070450,103.508500,4.250000,-0.792049,6.750475,1.934211,0.498947,0.720000,75.068001,97.129000,30.150000,-3.148523,-3.136049
2022-03-31,5.351198,119.245600,99.119170,103.471600,4.250000,-1.101198,6.819825,2.127826,0.218261,0.860000,75.827797,117.245217,20.559999,3.994603,3.577329
2022-04-30,6.328001,123.886300,99.176570,103.286000,4.250000,-2.078001,7.105800,2.747500,0.209500,0.900000,76.588997,104.575263,33.400002,-2.073887,-8.795671
2022-05-31,6.965109,120.857100,99.244960,103.050600,4.650000,-2.315109,7.385650,2.898095,0.281429,0.990000,77.520897,113.337619,26.190001,-3.028788,0.005318
2022-06-30,6.162695,125.166500,99.325780,102.838600,5.030000,-1.132695,7.529625,3.143333,0.145238,1.030000,78.898300,122.710952,28.709999,-4.849699,-8.392000
2022-07-31,5.781763,120.576100,99.419200,102.681000,5.150000,-0.631763,7.402060,2.896000,-0.140000,1.150000,79.571503,111.925714,21.330000,8.732435,9.111639
2022-08-31,5.853678,118.469500,99.524770,102.610000,5.650000,-0.203678,7.274750,2.897826,-0.352174,1.080000,79.682297,100.446364,25.870001,3.502984,-4.244013
2022-09-30,6.488255,121.359600,99.642040,102.649400,5.750000,-0.738255,7.280374,3.519048,-0.337619,1.100000,81.480598,89.764762,31.620001,-3.744242,-9.339567
2022-10-31,6.084886,116.350600,99.771020,102.716900,6.150000,0.065114,7.464925,3.983500,-0.391500,1.160000,82.239197,93.331905,25.879999,5.369316,7.986341
2022-11-30,5.409730,125.813200,99.911830,102.711300,6.150000,0.740270,7.357575,3.891000,-0.612500,1.170000,81.630898,91.415455,20.580000,4.142472,5.375289
2022-12-31,5.502361,124.910800,100.064200,102.570400,6.430000,0.927639,7.294160,3.616190,-0.672381,1.160000,82.835098,80.924000,21.670000,-3.481377,-5.897147
2023-01-31,6.155037,125.618100,100.226900,102.403100,6.500000,0.344963,7.390000,3.531500,-0.676000,1.100000,81.579903,82.501429,19.400000,-2.447628,6.175286
2023-02-28,6.160035,125.618100,100.398300,102.378100,6.690000,0.529965,7.334525,3.746842,-0.786842,1.030000,82.652000,82.585000,20.700001,-2.028072,-2.611249
2023-03-31,5.793615,125.618100,100.576300,102.639100,6.750000,0.956385,7.360000,3.663043,-0.639565,1.110000,82.100502,78.434348,18.700001,0.322474,3.505161
2023-04-30,5.090099,125.618100,100.759400,103.077900,6.750000,1.659901,7.180000,3.460000,-0.556000,1.060000,81.765099,84.638333,15.780000,4.062559,1.464234
2023-05-31,4.418654,,100.946000,103.577500,6.750000,2.331346,7.012500,3.573636,-0.558182,1.100000,82.683899,75.466000,17.940001,2.598397,0.248235
2023-06-30,5.572775,,101.135000,103.577500,6.750000,1.177225,7.054000,3.748095,-0.891429,1.100000,82.075401,74.839091,13.590000,3.532083,6.472746
2023-07-31,7.544302,,101.325700,103.577500,6.750000,-0.794302,7.112500,3.899500,-0.929000,1.080000,82.252800,80.108095,13.630000,2.943085,3.113893
2023-08-31,6.912412,,101.517600,103.577500,6.750000,-0.162412,7.185000,4.167826,-0.733913,1.070000,82.700401,86.147727,13.570000,-2.531158,-1.771639
2023-09-30,4.722002,,101.517600,,6.750000,2.027998,7.172000,4.379000,-0.643000,1.030000,83.193001,93.722381,17.520000,1.997008,-4.871937
2023-10-31,4.452841,,101.517600,,6.750000,2.297159,7.350000,4.798095,-0.269524,1.020000,83.296501,90.595909,18.139999,-2.844957,-2.197969
2023-11-30,4.981121,,101.517600,,6.750000,1.768879,7.270000,4.502857,-0.379524,1.010000,83.330299,82.940000,12.920000,5.521870,8.917927
2023-12-31,4.913119,,,,6.750000,1.836881,7.224000,4.020000,-0.437000,0.900000,82.302002,77.631053,12.450000,7.938400,4.422923
2024-01-31,4.593418,,,,6.750000,1.836881,7.202500,4.058095,-0.264762,0.810000,83.109703,80.124091,14.350000,-0.026235,1.589571
2024-02-29,4.898238,,,,6.750000,1.836881,7.090000,4.207500,-0.336500,0.740000,82.911903,83.478095,13.400000,1.183398,5.172064
2024-03-31,4.201080,,,,6.750000,1.836881,7.068000,4.208500,-0.379500,0.740000,83.392998,85.408500,13.010000,1.565313,3.101878
2024-04-30,3.874778,,,,,,7.150000,4.539091,-0.334091,0.720000,83.451103,89.938095,15.650000,1.244907,-4.161507
2024-05-31,3.860395,,,,,,7.054000,4.482273,-0.374091,0.700000,83.320900,81.746190,12.920000,-0.328029,4.802119
2024-06-30,3.665688,,,,,,7.022500,4.305263,-0.431579,0.690000,83.450897,82.246000,12.440000,6.568373,3.466980
2024-07-31,2.147471,,,,,,7.007500,4.248636,-0.247273,0.720000,83.738998,85.153043,16.360001,3.917232,1.132132
2024-08-31,2.442539,,,,,,6.910000,3.870909,-0.094545,0.730000,83.895103,80.355238,15.000000,1.141230,2.283471
2024-09-30,4.218177,,,,,,6.832500,3.723500,0.101000,0.740000,83.716400,74.016667,16.730000,2.278299,2.019688
2024-10-31,4.407490,,,,,,6.785000,4.095455,0.123182,0.680000,84.089104,75.632609,23.160000,-6.220252,-0.989674
2024-11-30,3.882097,,,,,,6.812000,4.355789,0.098421,0.640000,84.471603,74.345238,13.510000,-0.306750,5.730130
2024-12-31,3.530243,,,,,,6.777500,4.391429,0.165714,0.600000,85.386002,73.859500,17.400000,-2.014824,-2.079444
