Date,Oil_Brent_USD,Gold_USD,US_Industrial_Production,US_CFNAI,US_Fed_Funds_Rate,US_10Y_Yield,US_2Y_Yield,US_BAA_Yield,US_AAA_Yield,US_3M_TBill,US_Unemployment_Rate,IN_Forex_Reserves_USD,US_Housing_Starts,USDINR,DXY_Dollar_Index,US_VIX,US_Yield_Curve_Spread,US_Credit_Spread
2005-01-31,44.509000,424.150000,95.880100,0.190000,2.280000,4.221500,3.222500,6.020000,5.360000,2.333500,5.300000,125068.919186,2144.000000,43.660000,83.599998,12.820000,0.999000,0.660000
2005-02-28,45.475000,424.010525,96.576100,0.400000,2.500000,4.165263,3.384737,5.820000,5.200000,2.538947,5.400000,131519.821799,2207.000000,43.560001,82.510002,12.080000,0.780526,0.620000
2005-03-31,53.104545,434.895239,96.445600,-0.280000,2.630000,4.497727,3.726818,6.060000,5.400000,2.738636,5.200000,137008.340401,1864.000000,43.610001,84.059998,14.020000,0.770909,0.660000
2005-04-30,51.883810,429.634998,96.653200,0.570000,2.790000,4.340952,3.653810,6.050000,5.330000,2.780952,5.200000,137392.934254,2061.000000,43.380001,84.430000,15.310000,0.687143,0.720000
2005-05-31,48.645455,422.295239,96.740200,-0.020000,3.000000,4.144286,3.643810,6.010000,5.150000,2.841429,5.100000,134348.781252,2025.000000,43.619999,87.760002,13.290000,0.500476,0.860000
2005-06-30,54.354545,431.423809,97.175300,0.410000,3.040000,3.998182,3.640455,5.860000,4.960000,2.972727,5.000000,133787.216941,2068.000000,43.459999,89.110001,12.040000,0.357727,0.900000
2005-07-31,57.520000,423.970000,96.867600,-0.050000,3.260000,4.177500,3.871000,5.950000,5.060000,3.215500,5.000000,136017.528555,2054.000000,43.349998,89.349998,11.570000,0.306500,0.890000
2005-08-31,63.983478,437.830435,97.183300,0.210000,3.500000,4.262609,4.044348,5.960000,5.090000,3.440870,4.900000,139545.536826,2095.000000,43.980000,87.580002,12.600000,0.218261,0.870000
2005-09-30,62.908182,457.304765,95.300500,-0.620000,3.620000,4.199048,3.946190,6.030000,5.130000,3.419524,5.000000,138348.338137,2151.000000,43.930000,89.519997,11.920000,0.252857,0.900000
2005-10-31,58.538571,469.995241,96.457200,0.650000,3.780000,4.463500,4.271000,6.300000,5.350000,3.706000,5.000000,138710.724234,2065.000000,45.040001,90.070000,15.320000,0.192500,0.950000
2005-11-30,55.241818,475.559999,97.541400,0.750000,4.000000,4.535000,4.416500,6.390000,5.420000,3.883500,5.000000,137895.960250,2147.000000,45.860001,91.570000,12.060000,0.118500,0.970000
2005-12-31,56.855714,509.552381,98.045200,0.330000,4.160000,4.467143,4.404286,6.320000,5.370000,3.886190,4.900000,131924.326287,1994.000000,44.970001,91.169998,12.070000,0.062857,0.950000
2006-01-31,62.985238,550.970001,98.199900,0.470000,4.290000,4.416000,4.395500,6.240000,5.290000,4.236000,4.700000,134686.556094,2273.000000,43.900002,88.959999,12.950000,0.020500,0.950000
2006-02-28,60.210000,555.210533,98.241300,0.100000,4.490000,4.568947,4.668421,6.270000,5.350000,4.433158,4.800000,136640.098147,2119.000000,44.250000,90.110001,12.340000,-0.099474,0.920000
2006-03-31,62.064783,558.100002,98.462800,0.220000,4.590000,4.723913,4.733913,6.410000,5.530000,4.512174,4.700000,145854.117834,1969.000000,44.528000,89.730003,11.390000,-0.010000,0.880000
2006-04-30,70.260000,612.063159,98.761800,-0.090000,4.790000,4.990526,4.888947,6.680000,5.840000,4.603684,4.700000,154362.651036,1821.000000,44.901001,86.110001,11.590000,0.101579,0.840000
2006-05-31,69.776957,673.640914,98.786900,0.020000,4.940000,5.110000,4.968182,6.750000,5.950000,4.715455,4.600000,156844.642247,1942.000000,46.160000,84.720001,16.440001,0.141818,0.800000
2006-06-30,68.555909,595.518180,99.099700,0.030000,4.990000,5.106364,5.121818,6.780000,5.890000,4.791364,4.600000,156731.992764,1802.000000,45.805000,85.220001,13.080000,-0.015455,0.890000
2006-07-31,73.674286,634.394730,99.048900,-0.280000,5.240000,5.087500,5.118500,6.760000,5.850000,4.946500,4.700000,158019.991894,1737.000000,46.419998,85.300003,14.950000,-0.031000,0.910000
2006-08-31,73.230435,630.065220,99.483600,0.180000,5.250000,4.876522,4.903478,6.590000,5.680000,4.960435,4.700000,159707.634007,1650.000000,46.476002,85.050003,12.310000,-0.026957,0.910000
2006-09-30,61.958571,598.366670,99.318300,0.000000,5.250000,4.719000,4.769000,6.430000,5.510000,4.805500,4.500000,159103.351582,1720.000000,45.715000,85.970001,11.980000,-0.050000,0.920000
2006-10-31,57.808182,585.813640,99.204400,-0.270000,5.250000,4.729048,4.795714,6.420000,5.510000,4.917143,4.400000,161326.243414,1491.000000,44.834999,85.320000,11.100000,-0.066667,0.910000
2006-11-30,58.761364,626.960007,99.162700,-0.110000,5.250000,4.595238,4.740476,6.200000,5.330000,4.943333,4.500000,168150.216332,1570.000000,44.550999,82.919998,10.910000,-0.145238,0.870000
2006-12-31,62.472105,628.044998,100.173500,0.770000,5.240000,4.564500,4.673500,6.220000,5.320000,4.847500,4.400000,170737.998444,1649.000000,44.040001,83.720001,11.560000,-0.109000,0.900000
2007-01-31,53.681429,630.390471,99.834600,-0.480000,5.250000,4.759524,4.876190,6.340000,5.400000,4.975238,4.600000,173635.720629,1409.000000,44.005001,84.610001,10.420000,-0.116667,0.940000
2007-02-28,57.555789,666.078951,100.775300,0.200000,5.260000,4.722632,4.848947,6.280000,5.390000,5.026842,4.500000,187683.405584,1480.000000,44.015999,83.570000,15.420000,-0.126316,0.890000
2007-03-31,62.050455,653.640911,100.954700,0.240000,5.260000,4.564545,4.573636,6.270000,5.300000,4.939091,4.400000,192398.122787,1495.000000,43.044998,82.930000,14.640000,-0.009091,0.970000
2007-04-30,67.485789,679.919998,101.633400,-0.100000,5.250000,4.693810,4.666190,6.390000,5.470000,4.869048,4.500000,197375.974912,1490.000000,40.969002,81.449997,14.220000,0.027619,0.920000
2007-05-31,67.212273,667.586359,101.730600,0.050000,5.250000,4.746364,4.766364,6.390000,5.470000,4.732727,4.400000,201161.160549,1415.000000,40.546001,82.300003,13.050000,-0.020000,0.920000
2007-06-30,71.045714,654.804754,101.789300,-0.020000,5.250000,5.102857,4.980476,6.700000,5.790000,4.610952,4.600000,206578.992751,1448.000000,40.529999,81.919998,16.230000,0.122381,0.910000
2007-07-31,76.930000,665.785717,101.667200,-0.400000,5.260000,5.004286,4.819048,6.650000,5.730000,4.821429,4.700000,220222.967457,1354.000000,40.397999,80.769997,23.520000,0.185238,0.920000
2007-08-31,70.760870,665.056521,101.863000,-0.070000,5.020000,4.674783,4.313043,6.650000,5.790000,4.201739,4.600000,221969.313251,1330.000000,40.575001,80.790001,23.379999,0.361739,0.860000
2007-09-30,77.173158,715.368418,102.089400,-0.080000,4.940000,4.521579,4.011579,6.590000,5.740000,3.892105,4.700000,240396.462050,1183.000000,39.575001,77.720001,18.000000,0.510000,0.850000
2007-10-31,82.340000,756.030430,101.801500,-0.270000,4.760000,4.527727,3.967727,6.480000,5.660000,3.899545,4.700000,256883.785634,1264.000000,39.174000,76.480003,18.530001,0.560000,0.820000
2007-11-30,92.414286,805.599999,102.344600,-0.080000,4.490000,4.148500,3.336500,6.400000,5.440000,3.273000,4.700000,265163.082561,1197.000000,39.455002,76.150002,22.870001,0.812000,0.960000
2007-12-31,90.926842,807.959998,102.380300,-0.440000,4.240000,4.097500,3.117000,6.650000,5.490000,2.995500,5.000000,266988.346673,1037.000000,39.244999,76.699997,22.500000,0.980500,1.160000
2008-01-31,92.178095,891.357134,102.244800,-0.230000,3.940000,3.744286,2.475714,6.540000,5.330000,2.753333,5.000000,284034.483771,1084.000000,39.313999,75.180000,26.200001,1.268571,1.210000
2008-02-29,94.986500,925.110001,101.843800,-0.790000,2.980000,3.737500,1.973000,6.820000,5.530000,2.124500,4.900000,291676.756096,1103.000000,39.910000,73.709999,26.540001,1.764500,1.290000
2008-03-31,103.635500,962.930002,101.533600,-0.790000,2.610000,3.510000,1.617000,6.890000,5.510000,1.262500,5.100000,299684.068707,1005.000000,39.889000,71.800003,25.610001,1.893000,1.380000
2008-04-30,109.071364,909.663638,100.878500,-0.670000,2.280000,3.675000,2.047273,6.970000,5.550000,1.293636,5.000000,304725.230353,1013.000000,40.386002,72.510002,20.790001,1.627727,1.420000
2008-05-31,122.797143,888.204761,100.267400,-0.840000,1.980000,3.880000,2.445714,6.930000,5.570000,1.733810,5.400000,305407.267292,973.000000,42.530998,72.879997,17.830000,1.434286,1.360000
2008-06-30,132.322381,889.895240,100.033500,-0.710000,2.000000,4.099524,2.773810,7.070000,5.680000,1.856190,5.600000,302874.407309,1046.000000,42.852001,72.459999,23.950001,1.325714,1.390000
2008-07-31,132.718182,939.931821,99.676000,-1.210000,2.010000,4.007727,2.573182,7.160000,5.670000,1.625909,5.800000,296437.854547,923.000000,42.433998,73.230003,22.940001,1.434545,1.490000
2008-08-31,113.243333,835.833330,98.111100,-1.250000,2.000000,3.885714,2.420476,7.150000,5.640000,1.721905,6.100000,286613.498252,844.000000,43.625000,77.379997,20.650000,1.465238,1.510000
2008-09-30,97.234762,828.961905,93.789500,-2.580000,1.810000,3.686190,2.076190,7.310000,5.650000,1.134286,6.100000,277769.994520,820.000000,46.601002,79.449997,39.389999,1.610000,1.660000
2008-10-31,71.582174,801.991301,94.721900,-1.130000,0.970000,3.814091,1.612273,8.880000,6.280000,0.674545,6.500000,244499.400687,777.000000,49.403000,85.629997,59.889999,2.201818,2.600000
2008-11-30,52.452632,754.889481,93.471500,-2.340000,0.390000,3.526667,1.212778,9.210000,6.120000,0.191111,6.800000,239758.727087,652.000000,49.869999,86.519997,55.279999,2.313889,3.090000
2008-12-31,39.946818,822.668182,90.835700,-2.670000,0.160000,2.416364,0.820909,8.430000,5.050000,0.034545,7.300000,247418.901857,560.000000,48.064999,81.309998,40.000000,1.595455,3.380000
2009-01-31,43.439500,861.559995,88.570000,-3.030000,0.150000,2.517500,0.807000,8.140000,5.050000,0.130000,7.800000,239684.694690,490.000000,48.733002,86.000000,44.840000,1.710500,3.090000
2009-02-28,43.324737,942.263155,88.031000,-1.240000,0.220000,2.870000,0.975263,8.080000,5.270000,0.295789,8.300000,239490.897553,582.000000,50.650002,88.010002,46.349998,1.894737,2.810000
2009-03-31,46.540455,925.295452,86.652800,-2.340000,0.180000,2.819545,0.931364,8.420000,5.500000,0.213636,8.700000,242345.224044,505.000000,50.784000,85.430000,44.139999,1.888182,2.920000
2009-04-30,50.181905,892.666667,85.934400,-1.610000,0.150000,2.927143,0.927143,8.390000,5.390000,0.158095,9.000000,242657.842725,478.000000,49.188000,84.610001,36.500000,2.000000,3.000000
2009-05-31,57.302500,929.709998,85.066500,-1.190000,0.180000,3.293000,0.929500,8.060000,5.540000,0.176000,9.400000,252608.268861,540.000000,46.969002,80.430000,28.920000,2.363500,2.520000
2009-06-30,68.609545,946.349998,84.745900,-0.930000,0.210000,3.721818,1.184091,7.500000,5.610000,0.176818,9.500000,255248.377416,585.000000,47.800999,80.129997,26.350000,2.537727,1.890000
2009-07-31,64.435455,935.509091,85.702700,0.140000,0.160000,3.562273,1.019091,7.090000,5.410000,0.183636,9.500000,261864.865906,594.000000,47.625999,78.349998,25.920000,2.543182,1.680000
2009-08-31,72.508571,949.695237,86.642600,0.000000,0.160000,3.587143,1.115238,6.580000,5.260000,0.171429,9.600000,267318.299506,586.000000,48.750000,78.169998,26.010000,2.471905,1.320000
2009-09-30,67.646190,998.714292,87.406300,-0.210000,0.150000,3.401905,0.956190,6.310000,5.130000,0.123333,9.800000,270855.254690,585.000000,47.810001,76.650002,25.610001,2.445714,1.180000
2009-10-31,72.769545,1044.309093,87.641900,-0.290000,0.120000,3.387619,0.949048,6.290000,5.150000,0.074286,10.000000,273460.320826,534.000000,46.917999,76.300003,30.690001,2.438571,1.140000
2009-11-30,76.662000,1126.245001,88.022100,0.060000,0.120000,3.402632,0.803158,6.320000,5.190000,0.052105,9.900000,269968.584923,588.000000,46.458000,74.879997,24.510000,2.599474,1.130000
2009-12-31,74.456364,1128.977284,88.379300,-0.280000,0.120000,3.590000,0.874545,6.370000,5.260000,0.054545,9.900000,265181.731677,581.000000,46.400002,77.860001,21.680000,2.715455,1.110000
2010-01-31,76.167368,1116.826300,89.342600,0.160000,0.110000,3.733158,0.928947,6.250000,5.260000,0.061579,9.800000,262903.915108,614.000000,46.098000,79.459999,24.620001,2.804211,0.990000
2010-02-28,73.752105,1098.189479,89.677900,-0.350000,0.130000,3.691053,0.856842,6.340000,5.350000,0.108947,9.800000,260441.929101,604.000000,45.900002,80.360001,19.500000,2.834211,0.990000
2010-03-31,78.827391,1114.356525,90.292800,0.480000,0.160000,3.727391,0.958696,6.270000,5.270000,0.150435,9.900000,261393.478134,636.000000,44.799999,81.070000,17.590000,2.768696,1.000000
2010-04-30,84.817619,1151.452375,90.599100,0.400000,0.200000,3.846818,1.060455,6.250000,5.290000,0.162273,9.900000,261413.685972,687.000000,44.250000,81.870003,22.049999,2.786364,0.960000
2010-05-31,75.945500,1203.955005,91.823000,0.300000,0.200000,3.420000,0.830500,6.050000,4.960000,0.160000,9.600000,254636.486323,583.000000,46.358002,86.480003,32.070000,2.589500,1.090000
2010-06-30,74.760909,1234.663641,91.992800,-0.170000,0.180000,3.204091,0.724545,6.230000,4.880000,0.123636,9.400000,256334.199882,536.000000,46.400002,86.019997,34.540001,2.479545,1.350000
2010-07-31,75.580000,1191.747623,92.342100,0.150000,0.180000,3.011429,0.616667,6.010000,4.720000,0.157619,9.400000,265512.782366,546.000000,46.360001,81.540001,23.500000,2.394762,1.290000
2010-08-31,77.039545,1217.445451,92.680500,-0.160000,0.190000,2.698636,0.520455,5.660000,4.490000,0.155000,9.500000,263145.077920,599.000000,46.873001,83.199997,26.049999,2.178182,1.170000
2010-09-30,77.840476,1273.038092,92.953700,-0.190000,0.190000,2.647619,0.480000,5.660000,4.530000,0.151905,9.500000,272490.421350,594.000000,44.689999,78.720001,23.700001,2.167619,1.130000
2010-10-31,82.664762,1343.219041,92.690300,-0.120000,0.190000,2.540000,0.376000,5.720000,4.680000,0.134500,9.400000,276456.989263,543.000000,44.419998,77.269997,21.200001,2.164000,1.040000
2010-11-30,85.274762,1370.185721,92.770900,-0.190000,0.190000,2.763000,0.454000,5.920000,4.870000,0.143000,9.800000,270429.763934,545.000000,45.799999,81.199997,23.540001,2.309000,1.050000
2010-12-31,91.446818,1393.954551,93.678700,0.090000,0.180000,3.290909,0.618182,6.100000,5.020000,0.140909,9.300000,275276.605506,539.000000,44.810001,79.029999,17.750000,2.672727,1.080000
2011-01-31,96.523500,1361.679999,93.481400,0.030000,0.170000,3.394000,0.614500,6.090000,5.040000,0.152000,9.100000,277726.326615,630.000000,45.838001,77.739998,19.530001,2.779500,1.050000
2011-02-28,103.716316,1373.805266,93.110200,-0.380000,0.160000,3.576316,0.772632,6.150000,5.220000,0.132105,9.000000,279878.026863,517.000000,45.250000,76.889999,18.350000,2.803684,0.930000
2011-03-31,114.643478,1422.617389,94.078800,0.410000,0.140000,3.414348,0.697391,6.030000,5.130000,0.100435,9.000000,282517.257087,600.000000,44.610001,75.860001,17.740000,2.716957,0.900000
2011-04-30,123.258889,1481.865002,93.774900,-0.480000,0.100000,3.455000,0.734500,6.020000,5.160000,0.058500,9.100000,290407.500909,554.000000,44.299999,72.930000,14.750000,2.720500,0.860000
2011-05-31,114.989048,1511.014288,93.888000,-0.340000,0.090000,3.168571,0.555238,5.780000,4.960000,0.040952,9.000000,287804.873845,561.000000,45.083000,74.639999,15.450000,2.613333,0.820000
2011-06-30,113.833182,1527.995456,94.172000,0.010000,0.090000,3.002273,0.410455,5.750000,4.990000,0.037273,9.100000,291724.459833,608.000000,44.759998,74.300003,16.520000,2.591818,0.760000
2011-07-31,116.973500,1577.125006,94.636000,0.170000,0.070000,3.003000,0.406500,5.760000,4.930000,0.037500,9.000000,294418.748742,623.000000,44.009998,73.900002,25.250000,2.596500,0.830000
2011-08-31,110.219545,1758.491306,95.274900,0.010000,0.100000,2.303043,0.230435,5.360000,4.370000,0.024348,9.000000,294347.978652,585.000000,45.939999,74.129997,31.620001,2.072609,0.990000
2011-09-30,112.833810,1762.185715,95.196100,-0.270000,0.080000,1.975238,0.211429,5.270000,4.090000,0.013810,9.000000,283820.533485,650.000000,48.860001,78.550003,42.959999,1.763810,1.180000
2011-10-31,109.550000,1669.914278,95.856800,0.160000,0.070000,2.152000,0.280500,5.370000,3.980000,0.019000,8.800000,290334.824449,610.000000,48.627998,76.169998,29.959999,1.871500,1.390000
2011-11-30,110.768095,1742.590483,95.848500,-0.350000,0.080000,2.013500,0.253500,5.140000,3.870000,0.014000,8.600000,280841.440668,711.000000,51.903000,78.389999,27.799999,1.760000,1.270000
2011-12-31,107.870500,1641.966675,96.357100,0.280000,0.070000,1.978095,0.257143,5.250000,3.930000,0.011429,8.500000,271285.421552,694.000000,53.000000,80.169998,23.400000,1.720952,1.320000
2012-01-31,110.686000,1660.195001,96.931800,0.360000,0.080000,1.966500,0.240500,5.230000,3.850000,0.034500,8.300000,267267.941138,723.000000,52.493000,79.279999,19.440001,1.726000,1.380000
2012-02-29,119.327000,1743.835016,97.243500,0.000000,0.100000,1.967500,0.278000,5.140000,3.850000,0.092000,8.300000,269029.434978,704.000000,49.068001,78.730003,18.430000,1.689500,1.290000
2012-03-31,125.445455,1675.659096,96.740000,-0.390000,0.130000,2.172727,0.344545,5.230000,3.990000,0.084091,8.200000,268720.680969,695.000000,51.338001,78.930000,15.500000,1.828182,1.240000
2012-04-30,119.421667,1650.585004,97.435900,0.060000,0.140000,2.052857,0.291905,5.190000,3.960000,0.083810,8.200000,269568.960011,753.000000,52.537998,78.790001,17.150000,1.760952,1.230000
2012-05-31,110.339524,1588.281810,97.660900,-0.170000,0.160000,1.803182,0.285000,5.070000,3.800000,0.089545,8.200000,261740.343245,708.000000,56.228001,83.040001,24.059999,1.518182,1.270000
2012-06-30,95.155714,1600.690465,97.666300,-0.320000,0.160000,1.622381,0.291905,5.020000,3.640000,0.091429,8.200000,265327.695400,757.000000,56.798000,81.650002,17.080000,1.330476,1.380000
2012-07-31,102.618571,1592.519043,97.871300,-0.280000,0.160000,1.526667,0.248095,4.870000,3.400000,0.097143,8.200000,265145.838576,740.000000,55.423000,82.639999,18.930000,1.278571,1.470000
2012-08-31,113.356087,1629.917390,97.452500,-0.450000,0.130000,1.678261,0.268696,4.910000,3.480000,0.102609,8.100000,266324.609283,754.000000,55.627998,81.250000,17.469999,1.409565,1.430000
2012-09-30,112.863684,1748.805259,97.381000,-0.110000,0.140000,1.723158,0.255263,4.840000,3.490000,0.105263,7.800000,268824.543944,847.000000,53.007999,79.940002,15.730000,1.467895,1.350000
2012-10-31,111.710870,1747.728574,97.719300,-0.260000,0.160000,1.746190,0.277143,4.580000,3.470000,0.104762,7.800000,269208.192227,915.000000,53.958000,79.919998,18.600000,1.469048,1.110000
2012-11-30,109.058571,1721.319045,98.077700,0.280000,0.160000,1.654000,0.268000,4.510000,3.500000,0.093500,7.700000,268828.831708,833.000000,54.838001,80.150002,15.870000,1.386000,1.010000
2012-12-31,109.494000,1684.380005,98.310100,0.140000,0.160000,1.719000,0.257000,4.630000,3.650000,0.070000,7.900000,270586.506917,976.000000,54.752998,79.769997,18.020000,1.462000,0.980000
2013-01-31,112.960000,1670.447626,98.334200,-0.330000,0.140000,1.914762,0.265238,4.730000,3.800000,0.074286,8.000000,270765.032752,888.000000,53.303001,79.209999,14.280000,1.649524,0.930000
2013-02-28,116.050526,1627.468403,98.794100,0.230000,0.150000,1.984211,0.267368,4.850000,3.900000,0.098947,7.700000,266795.040503,962.000000,53.858002,81.980003,15.510000,1.716842,0.950000
2013-03-31,108.474000,1591.505005,99.192100,-0.260000,0.140000,1.957500,0.256000,4.850000,3.930000,0.087000,7.500000,268506.783358,1010.000000,54.388000,82.989998,12.700000,1.701500,0.920000
2013-04-30,102.248182,1484.627280,99.106500,-0.290000,0.150000,1.759091,0.232273,4.590000,3.730000,0.060000,7.600000,272057.711579,835.000000,54.228001,81.730003,13.520000,1.526818,0.860000
2013-05-31,102.558636,1416.618192,99.183900,0.140000,0.110000,1.928182,0.250455,4.730000,3.890000,0.044091,7.500000,267186.398583,930.000000,56.377998,83.379997,16.299999,1.677727,0.840000
2013-06-30,102.919500,1342.135004,99.389700,-0.140000,0.090000,2.300000,0.333500,5.190000,4.270000,0.050500,7.500000,263126.441213,839.000000,60.188000,83.169998,16.860001,1.966500,0.920000
2013-07-31,107.933182,1285.804554,99.081400,-0.520000,0.090000,2.582273,0.340909,5.320000,4.340000,0.035455,7.300000,259061.293114,880.000000,60.807999,81.449997,13.450000,2.241364,0.980000
2013-08-31,111.280455,1352.668157,99.654300,0.300000,0.080000,2.737273,0.356364,5.420000,4.540000,0.043636,7.200000,256039.529816,917.000000,67.389999,82.089996,17.010000,2.380909,0.880000
2013-09-30,111.596500,1345.985010,100.161000,0.100000,0.080000,2.809500,0.404000,5.470000,4.640000,0.016000,7.200000,257753.281060,850.000000,62.910000,80.220001,16.600000,2.405500,0.830000
2013-10-31,109.076522,1316.834775,100.082000,0.010000,0.090000,2.615909,0.335455,5.310000,4.530000,0.047273,7.200000,262567.821747,925.000000,61.320000,80.199997,13.750000,2.280455,0.780000
2013-11-30,107.792000,1275.104999,100.315800,0.300000,0.080000,2.718421,0.303684,5.380000,4.630000,0.067895,6.900000,272378.009162,1100.000000,62.412998,80.680000,13.700000,2.414737,0.750000
2013-12-31,110.756667,1225.009516,100.517500,-0.150000,0.090000,2.901905,0.340000,5.380000,4.620000,0.066667,6.700000,276493.267092,1002.000000,61.779999,80.040001,13.720000,2.561905,0.760000
2014-01-31,108.117727,1244.061901,100.159900,-0.700000,0.070000,2.858095,0.393810,5.190000,4.490000,0.043333,6.600000,273388.159272,888.000000,62.310001,81.269997,18.410000,2.464286,0.700000
2014-02-28,108.900526,1300.984214,100.916800,0.440000,0.070000,2.709474,0.326842,5.100000,4.450000,0.052632,6.700000,275731.104856,944.000000,62.020000,79.779999,14.000000,2.382632,0.650000
2014-03-31,107.480952,1336.428571,101.894200,0.480000,0.080000,2.723333,0.399048,5.060000,4.380000,0.052381,6.700000,285031.667649,970.000000,59.840000,80.099998,13.880000,2.324286,0.680000
2014-04-30,107.755238,1298.423793,101.992800,0.050000,0.090000,2.705238,0.417143,4.900000,4.240000,0.030952,6.200000,292401.949436,1043.000000,60.417999,79.489998,13.410000,2.288095,0.660000
2014-05-31,109.539091,1287.538098,102.383600,0.120000,0.090000,2.559048,0.389048,4.760000,4.160000,0.032381,6.300000,293860.546002,1007.000000,58.900002,80.370003,11.400000,2.170000,0.600000
2014-06-30,111.795238,1282.161900,102.735000,0.140000,0.100000,2.598571,0.452381,4.800000,4.250000,0.035714,6.100000,298024.446009,911.000000,60.037998,79.779999,11.570000,2.146190,0.550000
2014-07-31,106.768182,1310.636364,102.963200,0.300000,0.090000,2.542273,0.506364,4.730000,4.160000,0.026364,6.200000,301131.797117,1085.000000,60.250000,81.459999,16.950001,2.035909,0.570000
2014-08-31,101.608095,1295.057146,102.768800,-0.230000,0.090000,2.420000,0.472381,4.690000,4.080000,0.032857,6.100000,299915.889184,984.000000,60.610001,82.750000,12.090000,1.947619,0.610000
2014-09-30,97.091429,1235.128569,103.064100,0.010000,0.090000,2.534286,0.566667,4.800000,4.110000,0.020000,5.900000,296204.484446,1023.000000,61.553001,85.940002,16.309999,1.967619,0.690000
2014-10-31,87.425217,1222.930425,103.076400,0.040000,0.090000,2.304091,0.445455,4.690000,3.920000,0.016818,5.700000,298472.880698,1074.000000,61.432999,86.879997,14.030000,1.858636,0.770000
2014-11-30,79.437895,1176.178942,103.712600,0.270000,0.090000,2.325556,0.527222,4.790000,3.920000,0.021667,5.800000,298852.173530,1001.000000,61.853001,88.360001,13.330000,1.798333,0.870000
2014-12-31,62.335000,1200.168174,103.704400,0.060000,0.120000,2.207273,0.635455,4.740000,3.790000,0.029091,5.600000,303454.874927,1073.000000,63.377998,90.269997,19.200001,1.571818,0.950000
2015-01-31,47.759500,1252.924994,102.890500,-0.260000,0.110000,1.881500,0.551500,4.450000,3.460000,0.027500,5.700000,310606.516330,1085.000000,61.796001,94.800003,20.969999,1.330000,0.990000
2015-02-28,58.095500,1224.910522,102.233500,-0.480000,0.110000,1.975263,0.618947,4.510000,3.610000,0.017895,5.500000,319300.488547,886.000000,61.754002,95.250000,13.340000,1.356316,0.900000
2015-03-31,55.885455,1177.768183,101.891400,0.010000,0.110000,2.042727,0.640455,4.540000,3.640000,0.027727,5.400000,323824.829169,960.000000,62.508999,98.360001,15.290000,1.402273,0.900000
2015-04-30,59.524286,1199.828578,101.335500,-0.010000,0.120000,1.935000,0.540000,4.480000,3.520000,0.023182,5.400000,333725.503695,1190.000000,63.442001,94.599998,14.550000,1.395000,0.960000
2015-05-31,64.075000,1198.215009,100.888300,-0.340000,0.120000,2.197500,0.609000,4.890000,3.980000,0.016500,5.600000,334317.692139,1079.000000,63.825001,96.910004,13.840000,1.588500,0.910000
2015-06-30,61.477727,1180.781822,100.571000,-0.140000,0.130000,2.363636,0.688636,5.130000,4.190000,0.015000,5.300000,338106.666367,1205.000000,63.723999,95.489998,18.230000,1.675000,0.940000
2015-07-31,56.561304,1128.113642,101.222800,0.350000,0.130000,2.324545,0.667727,5.200000,4.150000,0.032273,5.200000,336336.736699,1146.000000,64.117996,97.370003,12.120000,1.656818,1.050000
2015-08-31,46.515000,1118.733311,101.036700,-0.280000,0.140000,2.167143,0.697619,5.190000,4.040000,0.071905,5.100000,334620.809169,1130.000000,66.142998,95.949997,28.430000,1.469524,1.150000
2015-09-30,47.623182,1123.823800,100.754700,-0.120000,0.140000,2.172857,0.713333,5.340000,4.070000,0.022381,5.000000,333344.798655,1224.000000,65.919998,96.349998,24.500000,1.459524,1.270000
2015-10-31,48.430000,1159.859092,100.267500,-0.260000,0.120000,2.070000,0.644762,5.340000,3.950000,0.015238,5.000000,336654.246137,1058.000000,65.444000,96.949997,15.070000,1.425238,1.390000
2015-11-30,44.267619,1084.005005,99.529800,-0.360000,0.120000,2.263158,0.884737,5.460000,4.060000,0.124737,5.100000,333851.954005,1172.000000,66.900002,100.169998,16.129999,1.378421,1.400000
2015-12-31,38.005455,1069.945457,99.041700,-0.300000,0.240000,2.242727,0.982727,5.460000,3.970000,0.227727,5.000000,334310.993025,1146.000000,66.455002,98.629997,18.209999,1.260000,1.490000
2016-01-31,30.699500,1097.642096,99.560700,0.090000,0.340000,2.085263,0.899474,5.450000,4.000000,0.255263,4.800000,333077.592174,1092.000000,68.093002,99.610001,20.200001,1.185789,1.450000
2016-02-29,32.181500,1201.405005,99.044500,-0.230000,0.380000,1.779500,0.733500,5.340000,3.960000,0.312500,4.900000,330199.405324,1225.000000,68.730003,98.209999,20.549999,1.046000,1.380000
2016-03-31,38.210455,1244.881819,98.309600,-0.330000,0.360000,1.889091,0.875000,5.130000,3.820000,0.294091,5.000000,341189.270080,1111.000000,66.367996,94.589996,13.950000,1.014091,1.310000
2016-04-30,41.583333,1242.538080,98.642100,-0.100000,0.370000,1.805238,0.768095,4.790000,3.620000,0.228095,5.100000,344140.716169,1163.000000,66.438004,93.080002,15.700000,1.037143,1.170000
2016-05-31,46.742381,1259.590477,98.418400,-0.350000,0.370000,1.806190,0.816190,4.680000,3.650000,0.274286,4.800000,342399.070531,1148.000000,67.133003,95.889999,14.190000,0.990000,1.030000
2016-06-30,48.247273,1276.745461,98.883300,0.130000,0.380000,1.644091,0.731364,4.530000,3.500000,0.269545,4.900000,344029.547095,1203.000000,67.416000,96.139999,15.630000,0.912727,1.030000
2016-07-31,44.951905,1337.210004,98.999200,0.050000,0.390000,1.504000,0.672500,4.220000,3.280000,0.297500,4.800000,346011.764350,1239.000000,67.007004,95.529999,11.870000,0.831500,0.940000
2016-08-31,45.843043,1337.956527,98.850000,-0.220000,0.400000,1.556522,0.737391,4.240000,3.320000,0.297391,4.900000,346250.456122,1171.000000,67.126602,96.019997,13.420000,0.819130,0.920000
2016-09-30,46.567727,1325.114287,98.745700,-0.090000,0.400000,1.630476,0.770952,4.310000,3.410000,0.291905,5.000000,351667.292320,1068.000000,66.816299,95.459999,13.290000,0.859524,0.900000
2016-10-31,49.522381,1263.980011,98.761100,-0.070000,0.400000,1.764500,0.843000,4.380000,3.510000,0.326500,4.900000,346822.998356,1313.000000,66.781403,98.449997,17.059999,0.921500,0.870000
2016-11-30,44.734091,1235.960004,98.349100,-0.220000,0.410000,2.142000,0.979500,4.710000,3.860000,0.446000,4.700000,341975.717394,1140.000000,68.608002,101.500000,13.330000,1.162500,0.850000
2016-12-31,53.308500,1151.395252,99.021400,0.390000,0.540000,2.491905,1.196667,4.830000,4.060000,0.505238,4.700000,341145.194692,1252.000000,67.932999,102.389999,14.040000,1.295238,0.770000
2017-01-31,54.576667,1193.190009,98.761100,-0.120000,0.650000,2.432500,1.206500,4.660000,3.920000,0.511500,4.700000,344544.924772,1190.000000,67.820999,99.510002,11.990000,1.226000,0.740000
2017-02-28,54.869500,1234.542095,98.364600,-0.090000,0.660000,2.418947,1.201053,4.640000,3.950000,0.521053,4.600000,345181.175900,1271.000000,66.693199,101.120003,12.920000,1.217895,0.690000
2017-03-31,51.589130,1230.378269,99.013700,0.020000,0.790000,2.481739,1.313043,4.680000,4.010000,0.737391,4.400000,350923.607640,1190.000000,64.790001,100.349998,12.370000,1.168696,0.670000
2017-04-30,52.307895,1268.652639,100.022400,0.340000,0.900000,2.297368,1.241053,4.570000,3.870000,0.798421,4.400000,353698.265301,1146.000000,64.059998,99.050003,10.820000,1.056316,0.700000
2017-05-31,50.326522,1243.763639,100.140800,0.020000,0.910000,2.303636,1.301818,4.550000,3.850000,0.889091,4.400000,360819.689698,1157.000000,64.618599,96.919998,10.410000,1.001818,0.700000
2017-06-30,46.368182,1260.059093,100.347100,0.160000,1.040000,2.186818,1.342273,4.370000,3.680000,0.982727,4.300000,366986.761984,1249.000000,64.785103,95.660004,11.180000,0.844545,0.690000
2017-07-31,48.478571,1235.959998,100.106800,-0.160000,1.150000,2.318000,1.372500,4.390000,3.700000,1.067000,4.300000,374514.735003,1206.000000,64.123497,92.860001,10.260000,0.945500,0.690000
2017-08-31,51.704348,1283.795644,99.692500,0.010000,1.160000,2.209130,1.335217,4.310000,3.630000,1.014348,4.400000,377934.660329,1159.000000,63.976200,92.669998,10.590000,0.873913,0.680000
2017-09-30,56.152857,1313.940002,99.795400,0.180000,1.150000,2.202000,1.384500,4.300000,3.630000,1.029500,4.300000,379771.135768,1181.000000,65.360001,93.080002,9.510000,0.817500,0.670000
2017-10-31,57.507727,1279.250006,101.024700,0.540000,1.150000,2.360000,1.549524,4.320000,3.600000,1.074762,4.200000,379329.743480,1257.000000,64.842400,94.550003,10.180000,0.810476,0.720000
2017-11-30,62.714091,1280.690470,101.266400,0.230000,1.160000,2.353333,1.696667,4.270000,3.570000,1.229524,4.200000,382005.683329,1273.000000,64.414803,93.010002,11.280000,0.656667,0.700000
2017-12-31,64.373684,1265.570007,101.464400,0.200000,1.300000,2.402500,1.844000,4.220000,3.510000,1.322000,4.100000,389350.147912,1177.000000,64.061996,92.120003,11.040000,0.558500,0.710000
2018-01-31,69.077273,1330.675000,101.462500,-0.230000,1.410000,2.583810,2.031905,4.260000,3.550000,1.413333,4.000000,401550.065968,1299.000000,63.769901,89.129997,13.540000,0.551905,0.710000
2018-02-28,65.317500,1330.057881,101.708500,0.470000,1.420000,2.858947,2.175263,4.510000,3.820000,1.567895,4.100000,400132.903901,1277.000000,64.910004,90.610001,19.850000,0.683684,0.690000
2018-03-31,66.016667,1324.238107,102.206700,0.100000,1.510000,2.842381,2.275714,4.640000,3.870000,1.696667,4.000000,403750.660782,1318.000000,65.029999,90.150002,19.969999,0.566667,0.770000
2018-04-30,72.106000,1335.342866,103.332900,0.390000,1.690000,2.869048,2.384286,4.670000,3.850000,1.757619,4.000000,399532.823214,1276.000000,66.610001,91.839996,15.930000,0.484762,0.820000
2018-05-31,76.975238,1302.618170,102.402400,-0.140000,1.700000,2.977727,2.511818,4.830000,4.000000,1.864091,3.800000,391849.998358,1357.000000,67.430000,93.989998,15.430000,0.465909,0.830000
2018-06-30,74.404762,1280.023804,103.198000,0.210000,1.820000,2.912381,2.533333,4.830000,3.960000,1.899048,4.000000,385400.077511,1192.000000,68.796700,94.629997,16.090000,0.379048,0.870000
2018-07-31,74.254091,1236.023821,103.364600,0.050000,1.910000,2.889048,2.606667,4.790000,3.870000,1.957143,3.800000,383776.895972,1208.000000,68.684998,94.489998,12.830000,0.282381,0.920000
2018-08-31,72.528261,1199.952175,104.032700,0.300000,1.910000,2.889130,2.635652,4.770000,3.880000,2.033913,3.800000,380573.739903,1288.000000,71.404999,95.139999,12.860000,0.253478,0.890000
2018-09-30,78.891000,1196.705258,104.100400,0.020000,1.950000,3.004211,2.767895,4.880000,3.980000,2.126316,3.700000,380813.069454,1250.000000,72.949997,95.190002,12.120000,0.236316,0.900000
2018-10-31,81.032174,1213.969567,103.985600,-0.210000,2.190000,3.152273,2.860909,5.070000,4.140000,2.249091,3.800000,371888.806088,1221.000000,73.650002,97.129997,21.230000,0.291364,0.930000
2018-11-30,64.748182,1219.238101,104.068100,0.010000,2.200000,3.117000,2.859000,5.220000,4.220000,2.326500,3.800000,373187.968981,1181.000000,69.919998,97.269997,18.070000,0.258000,1.000000
2018-12-31,57.362353,1253.047370,104.093600,-0.130000,2.270000,2.832632,2.676316,5.130000,4.020000,2.365789,3.900000,374425.187184,1095.000000,69.922501,96.169998,25.420000,0.156316,1.110000
2019-01-31,59.409545,1290.861898,103.402100,-0.360000,2.400000,2.713810,2.543333,5.120000,3.930000,2.374286,4.000000,378006.428711,1226.000000,71.120003,95.580002,16.570000,0.170476,1.190000
2019-02-28,63.960500,1318.447368,102.837100,-0.410000,2.400000,2.676316,2.504211,4.950000,3.790000,2.388421,3.800000,379583.834240,1121.000000,71.190002,96.160004,14.780000,0.172105,1.160000
2019-03-31,66.138571,1298.528594,102.875700,-0.100000,2.410000,2.570952,2.409524,4.840000,3.770000,2.402381,3.800000,390267.677763,1191.000000,69.500000,97.279999,13.710000,0.161429,1.070000
2019-04-30,71.233333,1284.785720,102.274000,-0.510000,2.420000,2.532381,2.344762,4.700000,3.690000,2.382857,3.700000,396238.176684,1272.000000,69.811798,97.480003,13.120000,0.187619,1.010000
2019-05-31,71.317727,1283.372720,102.392000,0.020000,2.390000,2.395000,2.206364,4.630000,3.670000,2.352727,3.600000,399309.608326,1293.000000,69.980003,97.750000,18.709999,0.188636,0.960000
2019-06-30,64.220500,1359.669989,102.437500,0.040000,2.380000,2.074000,1.814000,4.460000,3.420000,2.170500,3.600000,405936.770213,1243.000000,69.324997,96.129997,15.080000,0.260000,1.040000
2019-07-31,63.919130,1413.295449,101.940800,-0.360000,2.400000,2.059091,1.835000,4.280000,3.290000,2.098636,3.700000,403714.736546,1240.000000,69.077499,98.519997,16.120001,0.224091,0.990000
2019-08-31,59.041818,1502.036366,102.639000,0.170000,2.130000,1.626364,1.571364,3.870000,2.980000,1.949545,3.600000,401408.385720,1375.000000,71.680199,98.919998,18.980000,0.055000,0.890000
2019-09-30,62.826667,1507.419995,102.291700,-0.430000,2.040000,1.699500,1.648000,3.910000,3.030000,1.894500,3.500000,407452.453119,1311.000000,70.498703,99.379997,16.240000,0.051500,0.880000
2019-10-31,59.713043,1493.330423,101.428100,-0.780000,1.830000,1.706818,1.551364,3.920000,3.010000,1.646818,3.600000,418505.121882,1325.000000,70.989998,97.349998,13.220000,0.155455,0.910000
2019-11-30,63.211905,1470.000006,101.937200,0.200000,1.550000,1.812105,1.612632,3.940000,3.060000,1.542105,3.600000,424853.307690,1353.000000,71.547401,98.269997,12.620000,0.199474,0.880000
2019-12-31,67.217143,1480.852376,101.700300,-0.350000,1.550000,1.862857,1.613333,3.880000,3.010000,1.535238,3.600000,432378.384524,1548.000000,71.310997,96.389999,13.780000,0.249524,0.870000
2020-01-31,63.645455,1559.933338,101.033800,-0.250000,1.550000,1.757619,1.519048,3.770000,2.940000,1.522381,3.600000,442647.713931,1581.000000,71.639999,97.389999,18.840000,0.238571,0.830000
2020-02-29,55.657000,1595.615780,101.373500,0.070000,1.580000,1.504211,1.331053,3.610000,2.780000,1.515263,3.500000,451702.905468,1549.000000,71.930000,98.129997,40.110001,0.173158,0.830000
2020-03-31,32.011364,1594.650008,97.407800,-4.370000,0.650000,0.870000,0.448182,4.290000,3.020000,0.286364,4.400000,447527.444120,1266.000000,75.400002,99.050003,53.540001,0.421818,1.270000
2020-04-30,18.378500,1694.980940,84.561900,-18.270000,0.050000,0.657619,0.224762,4.130000,2.430000,0.138095,14.800000,449107.995966,936.000000,75.258499,99.019997,34.150002,0.432857,1.700000
2020-05-31,29.378947,1718.690015,85.960400,4.750000,0.050000,0.674000,0.170500,3.950000,2.500000,0.127500,13.200000,460963.536941,1039.000000,75.959999,98.339996,27.510000,0.503500,1.450000
2020-06-30,40.266818,1735.922735,91.593400,6.310000,0.080000,0.728636,0.185000,3.640000,2.440000,0.159545,11.000000,472094.307418,1266.000000,75.699997,97.389999,30.430000,0.543636,1.200000
2020-07-31,43.242174,1847.540905,95.025600,2.640000,0.090000,0.623636,0.148182,3.310000,2.140000,0.126818,10.200000,497249.262551,1526.000000,74.989998,93.489998,24.459999,0.475455,1.170000
2020-08-31,44.736000,1966.238084,95.954900,1.260000,0.100000,0.650000,0.139524,3.270000,2.250000,0.104286,8.400000,505303.565479,1396.000000,73.128304,92.139999,26.410000,0.510476,1.020000
2020-09-30,40.909545,1920.276187,95.966900,0.500000,0.090000,0.679524,0.134762,3.360000,2.310000,0.108571,7.800000,508526.945423,1473.000000,73.845001,93.889999,26.370001,0.544762,1.050000
2020-10-31,40.189545,1900.245450,96.739400,1.010000,0.090000,0.787143,0.149524,3.440000,2.350000,0.100476,6.900000,523969.558523,1543.000000,74.264000,94.040001,38.020000,0.637619,1.090000
2020-11-30,42.692381,1866.079999,97.081600,0.280000,0.090000,0.870000,0.165789,3.300000,2.300000,0.091053,6.700000,539921.508599,1543.000000,73.940903,91.870003,20.570000,0.704211,1.000000
2020-12-31,49.993636,1859.295443,98.363000,0.680000,0.090000,0.933636,0.135909,3.160000,2.260000,0.087273,6.700000,549086.868075,1614.000000,73.134003,89.940002,22.750000,0.797727,0.900000
2021-01-31,54.774000,1865.184217,98.882200,0.860000,0.090000,1.081053,0.131053,3.240000,2.450000,0.083684,6.400000,554103.798782,1630.000000,72.938797,90.580002,33.090000,0.950000,0.790000
2021-02-28,62.276500,1805.531584,95.614900,-1.840000,0.080000,1.257895,0.115263,3.420000,2.700000,0.042632,6.200000,549399.409663,1404.000000,73.150902,90.930000,27.950001,1.142632,0.720000
2021-03-31,65.410000,1719.517392,98.385600,2.400000,0.070000,1.610870,0.146957,3.740000,3.040000,0.031304,6.100000,543284.105579,1696.000000,73.445297,93.230003,19.400000,1.463913,0.700000
2021-04-30,64.806500,1759.757144,98.558700,0.120000,0.070000,1.635000,0.163182,3.600000,2.900000,0.020909,6.100000,552737.345147,1495.000000,74.105797,91.279999,18.610001,1.471818,0.700000
2021-05-31,68.534211,1850.645007,99.433300,0.220000,0.060000,1.621000,0.155000,3.620000,2.960000,0.018000,5.800000,560787.725898,1589.000000,72.393501,90.029999,16.760000,1.466000,0.660000
2021-06-30,73.164091,1834.122736,99.798700,0.330000,0.080000,1.519091,0.202727,3.440000,2.790000,0.035909,5.900000,575510.579221,1650.000000,74.287598,92.440002,15.830000,1.316364,0.650000
2021-07-31,75.165909,1805.504761,100.251900,0.750000,0.100000,1.318571,0.219524,3.240000,2.570000,0.052381,5.400000,582672.086473,1597.000000,74.251999,92.169998,18.240000,1.099048,0.670000
2021-08-31,70.747143,1785.231806,100.043700,-0.040000,0.090000,1.283182,0.217273,3.240000,2.550000,0.054545,5.100000,603136.242827,1594.000000,73.411201,92.629997,16.480000,1.065909,0.690000
2021-09-30,74.488636,1775.899995,98.857900,-0.140000,0.080000,1.374762,0.240952,3.230000,2.530000,0.041905,4.700000,598057.121007,1577.000000,74.321999,94.250000,23.139999,1.133810,0.700000
2021-10-31,83.538095,1776.404750,100.186100,0.930000,0.080000,1.582500,0.392500,3.350000,2.680000,0.052000,4.500000,602272.925341,1579.000000,74.797203,94.120003,16.260000,1.190000,0.670000
2021-11-30,81.050000,1819.499988,100.865400,0.650000,0.080000,1.559500,0.508000,3.280000,2.620000,0.051500,4.100000,599403.730377,1705.000000,75.054901,95.989998,27.190001,1.051500,0.660000
2021-12-31,74.170476,1791.045443,100.572600,0.170000,0.080000,1.465000,0.680000,3.300000,2.650000,0.060000,3.900000,594356.484009,1722.000000,74.431198,95.669998,17.219999,0.785000,0.650000
2022-01-31,86.505238,1816.639996,100.185600,-0.040000,0.080000,1.764000,0.980500,3.580000,2.930000,0.149500,4.000000,591020.180020,1702.000000,75.039001,96.540001,24.830000,0.783500,0.650000
2022-02-28,97.129000,1857.742091,100.806400,0.390000,0.080000,1.934211,1.435263,3.970000,3.250000,0.325789,3.900000,590657.717954,1735.000000,75.068001,96.709999,30.150000,0.498947,0.720000
2022-03-31,117.245217,1950.673902,101.390700,0.420000,0.200000,2.127826,1.909565,4.290000,3.430000,0.443478,3.700000,564868.349642,1712.000000,75.827797,98.309998,20.559999,0.218261,0.860000
2022-04-30,104.575263,1933.930005,101.440000,0.000000,0.330000,2.747500,2.538000,4.660000,3.760000,0.763000,3.700000,554647.525572,1820.000000,76.588997,102.959999,33.400002,0.209500,0.900000
2022-05-31,113.337619,1845.938099,101.333500,-0.420000,0.770000,2.898095,2.616667,5.120000,4.130000,0.983333,3.600000,562226.718595,1531.000000,77.520897,101.750000,26.190001,0.281429,0.990000
2022-06-30,122.710952,1834.547619,101.018000,-0.250000,1.210000,3.143333,2.998095,5.270000,4.240000,1.494762,3.600000,548773.984866,1551.000000,78.898300,104.690002,28.709999,0.145238,1.030000
2022-07-31,111.925714,1729.800000,101.223000,0.200000,1.680000,2.896000,3.036000,5.210000,4.060000,2.232500,3.500000,534690.412999,1381.000000,79.571503,105.900002,21.330000,-0.140000,1.150000
2022-08-31,100.446364,1762.478261,101.096300,0.040000,2.330000,2.897826,3.250000,5.150000,4.070000,2.630870,3.600000,520844.755866,1531.000000,79.682297,108.699997,25.870001,-0.352174,1.080000
2022-09-30,89.764762,1678.614287,101.291800,0.000000,2.560000,3.519048,3.856667,5.690000,4.590000,3.126667,3.500000,495189.249605,1488.000000,81.480598,112.120003,31.620001,-0.337619,1.100000
2022-10-31,93.331905,1665.838094,101.252900,0.040000,3.080000,3.983500,4.375000,6.260000,5.100000,3.717000,3.600000,496564.013946,1435.000000,82.239197,111.529999,25.879999,-0.391500,1.160000
2022-11-30,91.415455,1726.047631,100.955200,-0.600000,3.780000,3.891000,4.503500,6.070000,4.900000,4.151500,3.600000,513369.416042,1424.000000,81.630898,105.949997,20.580000,-0.612500,1.170000
2022-12-31,80.924000,1797.114287,99.766400,-0.460000,4.100000,3.616190,4.288571,5.590000,4.430000,4.252381,3.500000,521419.383958,1308.000000,82.835098,103.519997,21.670000,-0.672381,1.160000
2023-01-31,82.501429,1899.834991,100.505000,0.560000,4.330000,3.531500,4.207500,5.500000,4.400000,4.537500,3.500000,530592.718784,1361.000000,81.579903,102.099998,19.400000,-0.676000,1.100000
2023-02-28,82.585000,1853.236849,100.641600,-0.430000,4.570000,3.746842,4.533684,5.590000,4.560000,4.654737,3.600000,521182.628293,1399.000000,82.652000,104.870003,20.700001,-0.786842,1.030000
2023-03-31,78.434348,1912.960869,101.020500,-0.410000,4.650000,3.663043,4.302609,5.710000,4.600000,4.691739,3.500000,533279.818317,1377.000000,82.100502,102.510002,18.700001,-0.639565,1.110000
2023-04-30,84.638333,2001.047363,101.253000,0.040000,4.830000,3.460000,4.016000,5.530000,4.470000,4.924500,3.400000,544545.952523,1354.000000,81.765099,101.669998,15.780000,-0.556000,1.060000
2023-05-31,75.466000,1993.422729,100.928600,-0.180000,5.060000,3.573636,4.131818,5.770000,4.670000,5.135455,3.600000,545704.729661,1584.000000,82.683899,104.320000,17.940001,-0.558182,1.100000
2023-06-30,74.839091,1941.652379,100.119600,-0.410000,5.080000,3.748095,4.639524,5.750000,4.650000,5.158095,3.600000,551201.105823,1421.000000,82.075401,102.910004,13.590000,-0.891429,1.100000
2023-07-31,80.108095,1950.764996,100.906700,0.130000,5.120000,3.899500,4.828500,5.740000,4.660000,5.254000,3.500000,560733.750176,1460.000000,82.252800,101.860001,13.630000,-0.929000,1.080000
2023-08-31,86.147727,1917.556519,100.839300,-0.170000,5.330000,4.167826,4.901739,6.020000,4.950000,5.296522,3.700000,553212.330477,1317.000000,82.700401,103.620003,13.570000,-0.733913,1.070000
2023-09-30,93.722381,1912.409998,101.021100,-0.030000,5.330000,4.379000,5.022000,6.160000,5.130000,5.319500,3.700000,544405.448262,1371.000000,83.193001,106.169998,17.520000,-0.643000,1.030000
2023-10-31,90.595909,1915.568176,100.468900,-0.510000,5.330000,4.798095,5.067619,6.630000,5.610000,5.335238,3.900000,542079.544072,1368.000000,83.296501,106.660004,18.139999,-0.269524,1.020000
2023-11-30,82.940000,1985.371425,100.863900,0.140000,5.330000,4.502857,4.882381,6.290000,5.280000,5.270000,3.700000,556543.068949,1514.000000,83.330299,103.500000,12.920000,-0.379524,1.010000
2023-12-31,77.631053,2031.674994,100.603100,-0.120000,5.330000,4.020000,4.457000,5.640000,4.740000,5.241500,3.800000,574508.789080,1521.000000,82.302002,101.330002,12.450000,-0.437000,0.900000
2024-01-31,80.124091,2028.042847,99.222300,-0.990000,5.330000,4.058095,4.322857,5.680000,4.870000,5.224762,3.700000,572003.913129,1381.000000,83.109703,103.269997,14.350000,-0.264762,0.810000
2024-02-29,83.478095,2025.214990,100.285000,0.260000,5.330000,4.207500,4.544000,5.770000,5.030000,5.238500,3.900000,577133.114834,1552.000000,82.911903,104.160004,13.400000,-0.336500,0.740000
2024-03-31,85.408500,2161.869995,100.457500,-0.130000,5.330000,4.208500,4.588000,5.750000,5.010000,5.239000,3.900000,593744.011869,1312.000000,83.392998,104.550003,13.010000,-0.379500,0.740000
2024-04-30,89.938095,2332.590898,100.243400,-0.370000,5.330000,4.539091,4.873182,6.000000,5.280000,5.241364,3.900000,584311.156243,1385.000000,83.451103,106.220001,15.650000,-0.334091,0.720000
2024-05-31,81.746190,2349.631803,100.863000,0.150000,5.330000,4.482273,4.856364,5.950000,5.250000,5.252727,3.900000,595021.554909,1316.000000,83.320900,104.669998,12.920000,-0.374091,0.700000
2024-06-30,82.246000,2326.078935,100.894000,-0.220000,5.330000,4.305263,4.736842,5.820000,5.130000,5.244211,4.100000,595473.433970,1327.000000,83.450897,105.870003,12.440000,-0.431579,0.690000
2024-07-31,85.153043,2393.336370,99.975700,-0.390000,5.330000,4.248636,4.495909,5.840000,5.120000,5.199545,4.200000,612132.483487,1265.000000,83.738998,104.099998,16.360001,-0.247273,0.720000
2024-08-31,80.355238,2467.249989,100.430900,-0.080000,5.330000,3.870909,3.965455,5.600000,4.870000,5.047273,4.200000,620488.463015,1391.000000,83.895103,101.699997,15.000000,-0.094545,0.730000
2024-09-30,74.016667,2572.869983,99.808400,-0.290000,5.130000,3.723500,3.622500,5.420000,4.680000,4.722000,4.100000,640051.704088,1357.000000,83.716400,100.779999,16.730000,0.101000,0.740000
2024-10-31,75.632609,2688.904350,99.469500,-0.560000,4.830000,4.095455,3.972273,5.630000,4.950000,4.510455,4.100000,612406.993362,1352.000000,84.089104,103.980003,23.160000,0.123182,0.680000
2024-11-30,74.345238,2649.815015,99.292500,-0.060000,4.640000,4.355789,4.257368,5.780000,5.140000,4.418421,4.200000,592220.818187,1295.000000,84.471603,105.739998,13.510000,0.098421,0.640000
2024-12-31,73.859500,2644.300000,100.327300,0.330000,4.480000,4.391429,4.225714,5.800000,5.200000,4.270476,4.100000,569544.279505,1514.000000,85.386002,108.129997,17.400000,0.165714,0.600000
