Date,IN_CPI_YoY,US_CPI_YoY,Oil_Brent_USD,Gold_USD,US_Industrial_Production,US_CFNAI,US_Fed_Funds_Rate,US_M2_YoY,US_10Y_Yield,US_2Y_Yield,US_BAA_Yield,US_AAA_Yield,US_3M_TBill,US_Unemployment_Rate,US_NFP_MoM_Change,USDINR,IN_Forex_Reserves_USD,DXY_Dollar_Index,US_VIX,US_Housing_Starts,US_Retail_Sales_YoY,US_Yield_Curve_Spread,US_Credit_Spread,USDINR_MoM_Return
2005-01-31,4.365093,2.844874,44.510000,421.799988,95.880100,0.190000,2.280000,5.733217,4.140000,3.290000,6.020000,5.360000,2.480000,5.300000,151.000000,43.660000,125068.919186,83.599998,12.820000,2144.000000,6.383923,0.850000,0.660000,0.812786
2005-02-28,4.166672,3.053026,50.130000,436.500000,96.576100,0.400000,2.500000,5.179849,4.360000,3.590000,5.820000,5.200000,2.720000,5.400000,253.000000,43.560001,131519.821799,82.510002,12.080000,2207.000000,7.039139,0.770000,0.620000,-0.229039
2005-03-31,4.166672,3.206841,53.220000,428.700012,96.445600,-0.280000,2.630000,4.715893,4.500000,3.800000,6.060000,5.400000,2.730000,5.200000,120.000000,43.610001,137008.340401,84.059998,14.020000,1864.000000,5.398890,0.700000,0.660000,0.114782
2005-04-30,4.960331,3.361793,50.610000,435.000000,96.653200,0.570000,2.790000,4.241075,4.210000,3.660000,6.050000,5.330000,2.840000,5.200000,366.000000,43.380001,137392.934254,84.430000,15.310000,2061.000000,7.081644,0.550000,0.720000,-0.527401
2005-05-31,3.740146,2.869288,49.300000,416.299988,96.740200,-0.020000,3.000000,3.239479,4.000000,3.600000,6.010000,5.150000,2.930000,5.100000,169.000000,43.619999,134348.781252,87.760002,13.290000,2025.000000,5.189850,0.400000,0.860000,0.553245
2005-06-30,3.320308,2.541027,55.360000,435.899994,97.175300,0.410000,3.040000,3.724175,3.940000,3.660000,5.860000,4.960000,3.060000,5.000000,259.000000,43.459999,133787.216941,89.110001,12.040000,2068.000000,9.087527,0.280000,0.900000,-0.366804
2005-07-31,4.061900,3.067160,59.770000,429.899994,96.867600,-0.050000,3.260000,4.012017,4.280000,4.020000,5.950000,5.060000,3.340000,5.000000,352.000000,43.349998,136017.528555,89.349998,11.570000,2054.000000,8.934776,0.260000,0.890000,-0.253108
2005-08-31,3.448280,3.646934,66.800000,433.799988,97.183300,0.210000,3.500000,4.091614,4.020000,3.840000,5.960000,5.090000,3.440000,4.900000,202.000000,43.980000,139545.536826,87.580002,12.600000,2095.000000,7.844996,0.180000,0.870000,1.453290
2005-09-30,3.632876,4.741834,61.700000,469.000000,95.300500,-0.620000,3.620000,4.060011,4.340000,4.180000,6.030000,5.130000,3.470000,5.000000,50.000000,43.930000,138348.338137,89.519997,11.920000,2151.000000,6.033782,0.160000,0.900000,-0.113686
2005-10-31,4.182499,4.350105,58.470000,465.100006,96.457200,0.650000,3.780000,4.139628,4.570000,4.400000,6.300000,5.350000,3.890000,5.000000,89.000000,45.040001,138710.724234,90.070000,15.320000,2065.000000,5.738894,0.170000,0.950000,2.526748
2005-11-30,5.333324,3.338550,53.250000,494.600006,97.541400,0.750000,4.000000,3.971091,4.490000,4.420000,6.390000,5.420000,3.860000,5.000000,356.000000,45.860001,137895.960250,91.570000,12.060000,2147.000000,5.989954,0.070000,0.970000,1.820603
2005-12-31,5.566194,3.338550,58.340000,517.099976,98.045200,0.330000,4.160000,4.098373,4.390000,4.410000,6.320000,5.370000,3.990000,4.900000,162.000000,44.970001,131924.326287,91.169998,12.070000,1994.000000,4.688732,-0.020000,0.950000,-1.940688
2006-01-31,4.372621,4.018789,63.190000,570.799988,98.199900,0.470000,4.290000,4.654164,4.530000,4.540000,6.240000,5.290000,4.370000,4.700000,268.000000,43.900002,134686.556094,88.959999,12.950000,2273.000000,8.837371,-0.010000,0.950000,-2.379363
2006-02-28,4.571434,3.638254,59.780000,561.599976,98.241300,0.100000,4.490000,4.904564,4.550000,4.690000,6.270000,5.350000,4.510000,4.800000,306.000000,44.250000,136640.098147,90.110001,12.340000,2119.000000,6.674598,-0.140000,0.920000,0.797263
2006-03-31,4.571434,3.417918,66.060000,581.799988,98.462800,0.220000,4.590000,4.978056,4.860000,4.820000,6.410000,5.530000,4.520000,4.700000,305.000000,44.528000,145854.117834,89.730003,11.390000,1969.000000,6.799334,0.040000,0.880000,0.628248
2006-04-30,4.652819,3.613836,72.150000,651.799988,98.761800,-0.090000,4.790000,5.340617,5.070000,4.870000,6.680000,5.840000,4.650000,4.700000,172.000000,44.901001,154362.651036,86.110001,11.590000,1821.000000,6.364774,0.200000,0.840000,0.837678
2006-05-31,5.925414,3.977273,67.570000,642.500000,98.786900,0.020000,4.940000,5.165921,5.120000,5.040000,6.750000,5.950000,4.740000,4.600000,39.000000,46.160000,156844.642247,84.720001,16.440001,1942.000000,6.617914,0.080000,0.800000,2.803944
2006-06-30,7.269132,4.181724,73.200000,613.500000,99.099700,0.030000,4.990000,5.222906,5.150000,5.160000,6.780000,5.890000,4.870000,4.600000,88.000000,45.805000,156731.992764,85.220001,13.080000,1802.000000,4.025870,-0.010000,0.890000,-0.769063
2006-07-31,6.332181,4.104669,74.750000,634.200012,99.048900,-0.280000,5.240000,5.350348,4.990000,4.970000,6.760000,5.850000,4.970000,4.700000,192.000000,46.419998,158019.991894,85.300003,14.950000,1737.000000,3.648289,0.020000,0.910000,1.342644
2006-08-31,5.938365,3.926568,67.660000,625.900024,99.483600,0.180000,5.250000,5.303894,4.740000,4.790000,6.590000,5.680000,4.920000,4.700000,163.000000,46.476002,159707.634007,85.050003,12.310000,1650.000000,5.268098,-0.050000,0.910000,0.120645
2006-09-30,6.398643,2.012072,59.090000,598.599976,99.318300,0.000000,5.250000,5.178439,4.640000,4.710000,6.430000,5.510000,4.770000,4.500000,134.000000,45.715000,159103.351582,85.970001,11.980000,1720.000000,4.349376,-0.070000,0.920000,-1.637408
2006-10-31,6.917449,1.406328,56.130000,604.099976,99.204400,-0.270000,5.250000,5.385391,4.610000,4.710000,6.420000,5.510000,4.950000,4.400000,17.000000,44.834999,161326.243414,85.320000,11.100000,1491.000000,4.241091,-0.100000,0.910000,-1.924972
2006-11-30,5.950752,1.968703,64.360000,646.900024,99.162700,-0.110000,5.250000,5.652559,4.460000,4.620000,6.200000,5.330000,4.900000,4.500000,217.000000,44.550999,168150.216332,82.919998,10.910000,1570.000000,3.649192,-0.160000,0.870000,-0.633435
2006-12-31,6.528666,2.523978,58.960000,635.200012,100.173500,0.770000,5.240000,5.865905,4.710000,4.820000,6.220000,5.320000,4.890000,4.400000,189.000000,44.040001,170737.998444,83.720001,11.560000,1649.000000,4.846203,-0.110000,0.900000,-1.146995
2007-01-31,6.722692,2.075765,56.520000,652.000000,99.834600,-0.480000,5.250000,5.768116,4.830000,4.940000,6.340000,5.400000,4.990000,4.600000,223.000000,44.005001,173635.720629,84.610001,10.420000,1409.000000,1.752540,-0.110000,0.940000,-0.079473
2007-02-28,7.563026,2.420261,59.390000,669.400024,100.775300,0.200000,5.260000,5.619791,4.560000,4.650000,6.280000,5.390000,5.010000,4.500000,88.000000,44.015999,187683.405584,83.570000,15.420000,1480.000000,2.744502,-0.090000,0.890000,0.024992
2007-03-31,6.722692,2.798197,68.470000,663.000000,100.954700,0.240000,5.260000,5.892781,4.650000,4.580000,6.270000,5.300000,4.900000,4.400000,224.000000,43.044998,192398.122787,82.930000,14.640000,1495.000000,3.174330,0.070000,0.970000,-2.206018
2007-04-30,6.666670,2.592925,67.230000,680.500000,101.633400,-0.100000,5.250000,6.372945,4.630000,4.600000,6.390000,5.470000,4.790000,4.500000,63.000000,40.969002,197375.974912,81.449997,14.220000,1490.000000,2.425215,0.030000,0.920000,-4.822852
2007-05-31,6.611573,2.709886,68.180000,661.000000,101.730600,0.050000,5.250000,6.470787,4.900000,4.920000,6.390000,5.470000,4.600000,4.400000,145.000000,40.546001,201161.160549,82.300003,13.050000,1415.000000,4.068916,-0.020000,0.920000,-1.032489
2007-06-30,5.691062,2.692765,72.220000,648.099976,101.789300,-0.020000,5.250000,6.363291,5.030000,4.870000,6.700000,5.790000,4.680000,4.600000,78.000000,40.529999,206578.992751,81.919998,16.230000,1448.000000,2.690745,0.160000,0.910000,-0.039468
2007-07-31,6.451616,2.317891,77.010000,666.900024,101.667200,-0.400000,5.260000,6.166589,4.780000,4.560000,6.650000,5.730000,4.820000,4.700000,-26.000000,40.397999,220222.967457,80.769997,23.520000,1354.000000,2.800100,0.220000,0.920000,-0.325685
2007-08-31,7.258066,1.897448,72.290000,673.000000,101.863000,-0.070000,5.020000,6.782574,4.540000,4.150000,6.650000,5.790000,3.910000,4.600000,-31.000000,40.575001,221969.313251,80.790001,23.379999,1330.000000,2.941251,0.390000,0.860000,0.438145
2007-09-30,6.400004,2.833826,80.970000,742.799988,102.089400,-0.080000,4.940000,6.625050,4.590000,3.970000,6.590000,5.740000,3.720000,4.700000,86.000000,39.575001,240396.462050,77.720001,18.000000,1183.000000,3.968227,0.620000,0.850000,-2.464572
2007-10-31,5.511795,3.610698,89.870000,792.000000,101.801500,-0.270000,4.760000,6.089950,4.480000,3.940000,6.480000,5.660000,3.840000,4.700000,76.000000,39.174000,256883.785634,76.480003,18.530001,1264.000000,4.639708,0.540000,0.820000,-1.013268
2007-11-30,5.511795,4.373267,88.710000,782.200012,102.344600,-0.080000,4.490000,5.917126,3.970000,3.040000,6.400000,5.440000,3.080000,4.700000,115.000000,39.455002,265163.082561,76.150002,22.870001,1197.000000,5.299390,0.930000,0.960000,0.717318
2007-12-31,5.511795,4.108813,93.680000,834.900024,102.380300,-0.440000,4.240000,5.703309,4.040000,3.050000,6.650000,5.490000,3.290000,5.000000,105.000000,39.244999,266988.346673,76.699997,22.500000,1037.000000,2.862779,0.990000,1.160000,-0.532259
2008-01-31,5.511795,4.294696,91.580000,922.700012,102.244800,-0.230000,3.940000,5.608081,3.670000,2.170000,6.540000,5.330000,1.920000,5.000000,-4.000000,39.313999,284034.483771,75.180000,26.200001,1084.000000,3.253586,1.500000,1.210000,0.175819
2008-02-29,5.468755,4.142959,100.900000,972.099976,101.843800,-0.790000,2.980000,6.583687,3.530000,1.650000,6.820000,5.530000,1.810000,4.900000,-62.000000,39.910000,291676.756096,73.709999,26.540001,1103.000000,2.126239,1.880000,1.290000,1.516001
2008-03-31,7.874014,3.974904,102.330000,916.200012,101.533600,-0.790000,2.610000,7.000363,3.450000,1.620000,6.890000,5.510000,1.360000,5.100000,-70.000000,39.889000,299684.068707,71.800003,25.610001,1005.000000,1.599544,1.830000,1.380000,-0.052618
2008-04-30,7.812498,3.903761,111.120000,862.799988,100.878500,-0.670000,2.280000,6.515945,3.770000,2.290000,6.970000,5.550000,1.410000,5.000000,-219.000000,40.386002,304725.230353,72.510002,20.790001,1013.000000,1.744189,1.480000,1.420000,1.245962
2008-05-31,7.751936,4.088414,127.850000,887.299988,100.267400,-0.840000,1.980000,6.486919,4.060000,2.660000,6.930000,5.570000,1.850000,5.400000,-189.000000,42.530998,305407.267292,72.879997,17.830000,973.000000,1.423909,1.400000,1.360000,5.311238
2008-06-30,7.692306,4.935966,138.400000,926.200012,100.033500,-0.710000,2.000000,6.258404,3.990000,2.630000,7.070000,5.680000,1.870000,5.600000,-151.000000,42.852001,302874.407309,72.459999,23.950001,1046.000000,2.412876,1.360000,1.390000,0.754751
2008-07-31,8.333350,5.497512,124.100000,913.900024,99.676000,-1.210000,2.010000,6.456065,3.990000,2.520000,7.160000,5.670000,1.650000,5.800000,-203.000000,42.433998,296437.854547,73.230003,22.940001,923.000000,1.609863,1.470000,1.490000,-0.975458
2008-08-31,9.022571,5.308017,113.490000,829.299988,98.111100,-1.250000,2.000000,5.557960,3.830000,2.360000,7.150000,5.640000,1.690000,6.100000,-286.000000,43.625000,286613.498252,77.379997,20.650000,844.000000,0.257097,1.470000,1.510000,2.806716
2008-09-30,9.774449,4.953320,93.520000,874.200012,93.789500,-2.580000,1.810000,6.197221,3.850000,2.000000,7.310000,5.650000,0.900000,6.100000,-451.000000,46.601002,277769.994520,79.449997,39.389999,820.000000,-1.694242,1.850000,1.660000,6.821780
2008-10-31,10.447772,3.731058,60.000000,716.799988,94.721900,-1.130000,0.970000,7.361236,4.010000,1.560000,8.880000,6.280000,0.440000,6.500000,-469.000000,49.403000,244499.400687,85.629997,59.889999,777.000000,-5.767419,2.450000,2.600000,6.012742
2008-11-30,10.447772,1.099917,47.720000,816.200012,93.471500,-2.340000,0.390000,7.692927,2.930000,1.000000,9.210000,6.120000,0.010000,6.800000,-750.000000,49.869999,239758.727087,86.519997,55.279999,652.000000,-10.323753,1.930000,3.090000,0.945285
2008-12-31,9.701505,-0.022228,35.820000,883.599976,90.835700,-2.670000,0.160000,9.631342,2.250000,0.760000,8.430000,5.050000,0.110000,7.300000,-694.000000,48.064999,247418.901857,81.309998,40.000000,560.000000,-11.403583,1.490000,3.380000,-3.619411
2009-01-31,10.447772,-0.113586,44.170000,927.299988,88.570000,-3.030000,0.150000,10.262720,2.870000,0.940000,8.140000,5.050000,0.240000,7.800000,-768.000000,48.733002,239684.694690,86.000000,44.840000,490.000000,-10.229797,1.930000,3.090000,1.389791
2009-02-28,9.629621,0.008463,44.410000,941.500000,88.031000,-1.240000,0.220000,9.406891,3.020000,1.000000,8.080000,5.270000,0.260000,8.300000,-761.000000,50.650002,239490.897553,88.010002,46.349998,582.000000,-9.818030,2.020000,2.810000,3.933679
2009-03-31,8.029193,-0.446479,46.130000,922.599976,86.652800,-2.340000,0.180000,9.340287,2.710000,0.810000,8.420000,5.500000,0.210000,8.700000,-824.000000,50.784000,242345.224044,85.430000,44.139999,505.000000,-11.646822,1.900000,2.920000,0.264558
2009-04-30,8.695646,-0.576324,50.300000,890.700012,85.934400,-1.610000,0.150000,8.798703,3.160000,0.910000,8.390000,5.390000,0.140000,9.000000,-672.000000,49.188000,242657.842725,84.610001,36.500000,478.000000,-11.099568,2.250000,3.000000,-3.142723
2009-05-31,8.633088,-1.015761,64.980000,978.799988,85.066500,-1.190000,0.180000,9.371926,3.470000,0.920000,8.060000,5.540000,0.140000,9.400000,-356.000000,46.969002,252608.268861,80.430000,28.920000,540.000000,-11.199848,2.550000,2.520000,-4.511259
2009-06-30,9.285726,-1.229175,68.110000,927.099976,84.745900,-0.930000,0.210000,9.238239,3.530000,1.110000,7.500000,5.610000,0.190000,9.500000,-458.000000,47.800999,255248.377416,80.129997,26.350000,585.000000,-9.947523,2.420000,1.890000,1.771374
2009-07-31,11.888095,-1.958761,70.080000,953.700012,85.702700,0.140000,0.160000,8.628966,3.520000,1.130000,7.090000,5.410000,0.180000,9.500000,-346.000000,47.625999,261864.865906,78.349998,25.920000,594.000000,-9.228660,2.390000,1.680000,-0.366100
2009-08-31,11.724140,-1.483836,69.020000,951.700012,86.642600,0.000000,0.160000,8.419380,3.400000,0.970000,6.580000,5.260000,0.150000,9.600000,-190.000000,48.750000,267318.299506,78.169998,26.010000,586.000000,-6.863479,2.430000,1.320000,2.360057
2009-09-30,11.643838,-1.377943,65.820000,1008.000000,87.406300,-0.210000,0.150000,7.484376,3.310000,0.950000,6.310000,5.130000,0.140000,9.800000,-226.000000,47.810001,270855.254690,76.650002,25.610001,585.000000,-7.797689,2.360000,1.180000,-1.928202
2009-10-31,11.486489,-0.223968,74.910000,1039.699951,87.641900,-0.290000,0.120000,6.432683,3.410000,0.900000,6.290000,5.150000,0.050000,10.000000,-185.000000,46.917999,273460.320826,76.300003,30.690001,534.000000,-3.334518,2.510000,1.140000,-1.865723
2009-11-30,13.513511,1.914587,77.770000,1181.099976,88.022100,0.060000,0.120000,6.104398,3.210000,0.670000,6.320000,5.190000,0.060000,9.900000,-4.000000,46.458000,269968.584923,74.879997,24.510000,588.000000,1.450535,2.540000,1.130000,-0.980432
2009-12-31,14.965979,2.814123,77.910000,1095.199951,88.379300,-0.280000,0.120000,3.747852,3.850000,1.140000,6.370000,5.260000,0.060000,9.900000,-249.000000,46.400002,265181.731677,77.860001,21.680000,581.000000,4.301238,2.710000,1.110000,-0.124841
2010-01-31,16.216223,2.621111,71.200000,1083.000000,89.342600,0.160000,0.110000,2.276511,3.630000,0.820000,6.250000,5.260000,0.080000,9.800000,-6.000000,46.098000,262903.915108,79.459999,24.620001,614.000000,2.821821,2.810000,0.990000,-0.650866
2010-02-28,14.864858,2.151336,76.360000,1118.300049,89.677900,-0.350000,0.130000,2.500210,3.610000,0.810000,6.340000,5.350000,0.130000,9.800000,-96.000000,45.900002,260441.929101,80.360001,19.500000,604.000000,3.411942,2.800000,0.990000,-0.429515
2010-03-31,14.864858,2.286171,80.370000,1113.300049,90.292800,0.480000,0.160000,1.634790,3.840000,1.020000,6.270000,5.270000,0.160000,9.900000,160.000000,44.799999,261393.478134,81.070000,17.590000,636.000000,7.544152,2.820000,1.000000,-2.396519
2010-04-30,13.333331,2.206771,86.190000,1180.099976,90.599100,0.400000,0.200000,1.950877,3.690000,0.970000,6.250000,5.290000,0.160000,9.900000,254.000000,44.250000,261413.685972,81.870003,22.049999,687.000000,7.876715,2.720000,0.960000,-1.227677
2010-05-31,13.907298,2.003549,73.000000,1212.199951,91.823000,0.300000,0.200000,1.891303,3.310000,0.760000,6.050000,4.960000,0.160000,9.600000,522.000000,46.358002,254636.486323,86.480003,32.070000,583.000000,6.069215,2.550000,1.090000,4.763846
2010-06-30,13.725485,1.121561,74.940000,1245.500000,91.992800,-0.170000,0.180000,1.995437,2.970000,0.610000,6.230000,4.880000,0.180000,9.400000,-132.000000,46.400002,256334.199882,86.019997,34.540001,536.000000,4.300975,2.360000,1.350000,0.090599
2010-07-31,11.250001,1.340778,77.500000,1181.699951,92.342100,0.150000,0.180000,2.079518,2.940000,0.550000,6.010000,4.720000,0.150000,9.400000,-95.000000,46.360001,265512.782366,81.540001,23.500000,546.000000,4.178380,2.390000,1.290000,-0.086209
2010-08-31,9.876531,1.150178,75.510000,1248.300049,92.680500,-0.160000,0.190000,2.657450,2.470000,0.470000,5.660000,4.490000,0.140000,9.500000,0.000000,46.873001,263145.077920,83.199997,26.049999,599.000000,2.827561,2.000000,1.170000,1.106558
2010-09-30,9.815939,1.118312,80.770000,1307.800049,92.953700,-0.190000,0.190000,3.038432,2.530000,0.420000,5.660000,4.530000,0.160000,9.500000,-74.000000,44.689999,272490.421350,78.720001,23.700001,594.000000,6.399132,2.110000,1.130000,-4.657271
2010-10-31,9.696974,1.166695,82.470000,1357.099976,92.690300,-0.120000,0.190000,3.304704,2.630000,0.340000,5.720000,4.680000,0.120000,9.400000,279.000000,44.419998,276456.989263,77.269997,21.200001,543.000000,6.461543,2.290000,1.040000,-0.604163
2010-11-30,8.333341,1.084545,86.020000,1385.000000,92.770900,-0.190000,0.190000,3.193613,2.810000,0.450000,5.920000,4.870000,0.170000,9.800000,129.000000,45.799999,270429.763934,81.199997,23.540001,545.000000,6.560220,2.360000,1.050000,3.106711
2010-12-31,9.467460,1.437793,93.230000,1421.099976,93.678700,0.090000,0.180000,3.653580,3.300000,0.610000,6.100000,5.020000,0.120000,9.300000,81.000000,44.810001,275276.605506,79.029999,17.750000,539.000000,6.861686,2.690000,1.080000,-2.161567
2011-01-31,9.302314,1.700783,98.970000,1333.800049,93.481400,0.030000,0.170000,4.379726,3.420000,0.580000,6.090000,5.040000,0.150000,9.100000,7.000000,45.838001,277726.326615,77.739998,19.530001,630.000000,7.461375,2.840000,1.050000,2.294130
2011-02-28,8.823536,2.124898,112.270000,1409.300049,93.110200,-0.380000,0.160000,4.526638,3.420000,0.690000,6.150000,5.220000,0.150000,9.000000,220.000000,45.250000,279878.026863,76.889999,18.350000,517.000000,8.214559,2.730000,0.930000,-1.282781
2011-03-31,8.823536,2.619242,116.940000,1438.900024,94.078800,0.410000,0.140000,5.256057,3.470000,0.800000,6.030000,5.130000,0.090000,9.000000,226.000000,44.610001,282517.257087,75.860001,17.740000,600.000000,6.859592,2.670000,0.900000,-1.414363
2011-04-30,9.411769,3.077234,126.590000,1556.000000,93.774900,-0.480000,0.100000,5.614392,3.320000,0.610000,6.020000,5.160000,0.040000,9.100000,314.000000,44.299999,290407.500909,72.930000,14.750000,554.000000,6.559884,2.710000,0.860000,-0.694915
2011-05-31,8.720920,3.458972,117.180000,1535.900024,93.888000,-0.340000,0.090000,5.793937,3.050000,0.450000,5.780000,4.960000,0.060000,9.000000,106.000000,45.083000,287804.873845,74.639999,15.450000,561.000000,7.394092,2.600000,0.820000,1.767497
2011-06-30,8.620695,3.502318,111.710000,1502.300049,94.172000,0.010000,0.090000,6.420881,3.180000,0.450000,5.750000,4.990000,0.030000,9.100000,228.000000,44.759998,291724.459833,74.300003,16.520000,608.000000,8.389512,2.730000,0.760000,-0.716460
2011-07-31,8.426972,3.579881,115.930000,1628.300049,94.636000,0.170000,0.070000,8.156722,2.820000,0.360000,5.760000,4.930000,0.100000,9.000000,61.000000,44.009998,294418.748742,73.900002,25.250000,623.000000,8.006053,2.460000,0.830000,-1.675603
2011-08-31,8.988768,3.754996,116.480000,1828.500000,95.274900,0.010000,0.100000,9.704301,2.230000,0.200000,5.360000,4.370000,0.020000,9.000000,133.000000,45.939999,294347.978652,74.129997,31.620001,585.000000,7.638292,2.030000,0.990000,4.385368
2011-09-30,10.055867,3.812622,105.420000,1620.400024,95.196100,-0.270000,0.080000,9.551883,1.920000,0.250000,5.270000,4.090000,0.020000,9.000000,219.000000,48.860001,283820.533485,78.550003,42.959999,650.000000,7.911602,1.670000,1.180000,6.356121
2011-10-31,9.392267,3.522268,108.430000,1724.199951,95.856800,0.160000,0.070000,9.306145,2.170000,0.250000,5.370000,3.980000,0.010000,8.800000,209.000000,48.627998,290334.824449,76.169998,29.959999,610.000000,7.296717,1.920000,1.390000,-0.474831
2011-11-30,9.340661,3.451432,111.220000,1745.500000,95.848500,-0.350000,0.080000,9.642735,2.080000,0.250000,5.140000,3.870000,0.010000,8.600000,137.000000,51.903000,280841.440668,78.389999,27.799999,711.000000,6.669078,1.830000,1.270000,6.734806
2011-12-31,6.486482,3.062067,108.090000,1565.800049,96.357100,0.280000,0.070000,9.754964,1.890000,0.250000,5.250000,3.930000,0.020000,8.500000,198.000000,53.000000,271285.421552,80.169998,23.400000,694.000000,6.079358,1.640000,1.320000,2.113558
2012-01-31,5.319162,3.008766,110.260000,1737.800049,96.931800,0.360000,0.080000,10.267827,1.830000,0.220000,5.230000,3.850000,0.060000,8.300000,358.000000,52.493000,267267.941138,79.279999,19.440001,723.000000,6.349446,1.610000,1.380000,-0.956604
2012-02-29,7.567574,2.898178,122.230000,1709.900024,97.243500,0.000000,0.100000,10.058003,1.980000,0.300000,5.140000,3.850000,0.080000,8.300000,263.000000,49.068001,269029.434978,78.730003,18.430000,704.000000,6.758283,1.680000,1.290000,-6.524678
2012-03-31,8.648652,2.582875,123.410000,1669.300049,96.740000,-0.390000,0.130000,9.835590,2.230000,0.330000,5.230000,3.990000,0.070000,8.200000,239.000000,51.338001,268720.680969,78.930000,15.500000,695.000000,6.182456,1.900000,1.240000,4.626234
2012-04-30,10.215053,2.273163,118.660000,1663.400024,97.435900,0.060000,0.140000,9.657890,1.950000,0.270000,5.190000,3.960000,0.100000,8.200000,77.000000,52.537998,269568.960011,78.790001,17.150000,753.000000,5.164154,1.680000,1.230000,2.337444
2012-05-31,10.160427,1.737943,103.860000,1562.599976,97.660900,-0.170000,0.160000,9.262390,1.590000,0.270000,5.070000,3.800000,0.070000,8.200000,107.000000,56.228001,261740.343245,83.040001,24.059999,708.000000,5.065972,1.320000,1.270000,7.023493
2012-06-30,10.052909,1.653870,94.170000,1603.500000,97.666300,-0.320000,0.160000,9.142789,1.670000,0.330000,5.020000,3.640000,0.090000,8.200000,81.000000,56.798000,265327.695400,81.650002,17.080000,757.000000,3.278601,1.340000,1.380000,1.013729
2012-07-31,9.844559,1.417511,105.930000,1610.500000,97.871300,-0.280000,0.160000,7.815543,1.510000,0.230000,4.870000,3.400000,0.110000,8.200000,144.000000,55.423000,265145.838576,82.639999,18.930000,740.000000,3.793928,1.280000,1.470000,-2.420860
2012-08-31,10.309276,1.685935,113.930000,1684.599976,97.452500,-0.450000,0.130000,6.448431,1.570000,0.220000,4.910000,3.480000,0.090000,8.100000,182.000000,55.627998,266324.609283,81.250000,17.469999,754.000000,4.965679,1.350000,1.430000,0.369879
2012-09-30,9.137057,1.949717,111.360000,1771.099976,97.381000,-0.110000,0.140000,7.062765,1.650000,0.230000,4.840000,3.490000,0.100000,7.800000,178.000000,53.007999,268824.543944,79.940002,15.730000,847.000000,4.641329,1.420000,1.350000,-4.709857
2012-10-31,9.595958,2.155678,109.890000,1717.500000,97.719300,-0.260000,0.160000,7.387004,1.720000,0.300000,4.580000,3.470000,0.110000,7.800000,152.000000,53.958000,269208.192227,79.919998,18.600000,915.000000,3.999665,1.420000,1.110000,1.792184
2012-11-30,9.547737,1.796020,110.840000,1710.900024,98.077700,0.280000,0.160000,7.527629,1.620000,0.250000,4.510000,3.500000,0.080000,7.700000,156.000000,54.838001,268828.831708,80.150002,15.870000,833.000000,4.247539,1.370000,1.010000,1.630900
2012-12-31,11.167521,1.759505,110.800000,1674.800049,98.310100,0.140000,0.160000,8.263200,1.780000,0.250000,4.630000,3.650000,0.050000,7.900000,249.000000,54.752998,270586.506917,79.769997,18.020000,976.000000,4.455382,1.530000,0.980000,-0.155007
2013-01-31,11.616154,1.684062,115.550000,1660.599976,98.334200,-0.330000,0.140000,7.691441,2.020000,0.270000,4.730000,3.800000,0.070000,8.000000,183.000000,53.303001,270765.032752,79.209999,14.280000,888.000000,4.361716,1.750000,0.930000,-2.648251
2013-02-28,12.060293,2.018140,112.200000,1577.699951,98.794100,0.230000,0.150000,7.316153,1.890000,0.250000,4.850000,3.900000,0.110000,7.700000,289.000000,53.858002,266795.040503,81.980003,15.510000,962.000000,4.284367,1.640000,0.950000,1.041218
2013-03-31,11.442779,1.518747,108.460000,1594.800049,99.192100,-0.260000,0.140000,7.407219,1.870000,0.250000,4.850000,3.930000,0.070000,7.500000,143.000000,54.388000,268506.783358,82.989998,12.700000,1010.000000,3.181373,1.620000,0.920000,0.984067
2013-04-30,10.243912,1.138808,101.530000,1472.199951,99.106500,-0.290000,0.150000,7.101547,1.700000,0.220000,4.590000,3.730000,0.050000,7.600000,184.000000,54.228001,272057.711579,81.730003,13.520000,835.000000,3.100953,1.480000,0.860000,-0.294182
2013-05-31,10.679620,1.390389,100.430000,1392.599976,99.183900,0.140000,0.110000,6.980927,2.160000,0.300000,4.730000,3.890000,0.040000,7.500000,223.000000,56.377998,267186.398583,83.379997,16.299999,930.000000,3.909540,1.860000,0.840000,3.964737
2013-06-30,11.057685,1.715794,102.490000,1223.800049,99.389700,-0.140000,0.090000,6.802307,2.520000,0.360000,5.190000,4.270000,0.040000,7.500000,183.000000,60.188000,263126.441213,83.169998,16.860001,839.000000,5.161111,2.160000,0.920000,6.757958
2013-07-31,10.849063,1.885472,107.890000,1312.400024,99.081400,-0.520000,0.090000,6.633580,2.600000,0.310000,5.320000,4.340000,0.040000,7.300000,112.000000,60.807999,259061.293114,81.449997,13.450000,880.000000,5.281688,2.290000,0.980000,1.030104
2013-08-31,10.747670,1.538809,115.970000,1396.099976,99.654300,0.300000,0.080000,6.461915,2.780000,0.390000,5.420000,4.540000,0.030000,7.200000,255.000000,67.389999,256039.529816,82.089996,17.010000,917.000000,3.844380,2.390000,0.880000,10.824235
2013-09-30,10.697681,1.094734,107.850000,1326.500000,100.161000,0.100000,0.080000,6.218402,2.640000,0.330000,5.470000,4.640000,0.020000,7.200000,175.000000,62.910000,257753.281060,80.220001,16.600000,850.000000,3.108773,2.310000,0.830000,-6.647870
2013-10-31,11.059900,0.876799,107.530000,1323.599976,100.082000,0.010000,0.090000,6.741868,2.570000,0.310000,5.310000,4.530000,0.040000,7.200000,220.000000,61.320000,262567.821747,80.199997,13.750000,925.000000,3.498166,2.260000,0.780000,-2.527420
2013-11-30,11.467893,1.232870,111.070000,1250.599976,100.315800,0.300000,0.080000,6.115674,2.750000,0.280000,5.380000,4.630000,0.060000,6.900000,276.000000,62.412998,272378.009162,80.680000,13.700000,1100.000000,3.215597,2.470000,0.750000,1.782450
2013-12-31,9.132418,1.512838,109.950000,1201.900024,100.517500,-0.150000,0.090000,5.494034,3.040000,0.380000,5.380000,4.620000,0.070000,6.700000,55.000000,61.779999,276493.267092,80.040001,13.720000,1002.000000,3.420404,2.660000,0.760000,-1.014211
2014-01-31,7.239822,1.557759,108.160000,1240.099976,100.159900,-0.700000,0.070000,5.925905,2.670000,0.340000,5.190000,4.490000,0.020000,6.600000,189.000000,62.310001,273388.159272,81.269997,18.410000,888.000000,1.762216,2.330000,0.700000,0.857887
2014-02-28,6.726462,1.120475,108.980000,1321.400024,100.916800,0.440000,0.070000,6.357635,2.660000,0.330000,5.100000,4.450000,0.050000,6.700000,151.000000,62.020000,275731.104856,79.779999,14.000000,944.000000,1.862054,2.330000,0.650000,-0.465416
2014-03-31,6.696433,1.612695,105.950000,1283.400024,101.894200,0.480000,0.080000,6.130123,2.730000,0.440000,5.060000,4.380000,0.050000,6.700000,273.000000,59.840000,285031.667649,80.099998,13.880000,970.000000,3.694276,2.290000,0.680000,-3.514996
2014-04-30,7.079649,2.015125,108.630000,1295.599976,101.992800,0.050000,0.090000,6.280098,2.670000,0.420000,4.900000,4.240000,0.030000,6.200000,313.000000,60.417999,292401.949436,79.489998,13.410000,1043.000000,5.272975,2.250000,0.660000,0.965908
2014-05-31,7.017547,2.166948,109.210000,1245.599976,102.383600,0.120000,0.090000,6.544180,2.480000,0.370000,4.760000,4.160000,0.040000,6.300000,215.000000,58.900002,293860.546002,80.370003,11.400000,1007.000000,4.813648,2.110000,0.600000,-2.512493
2014-06-30,6.493511,2.058982,111.030000,1321.800049,102.735000,0.140000,0.100000,6.491456,2.530000,0.470000,4.800000,4.250000,0.040000,6.100000,336.000000,60.037998,298024.446009,79.779999,11.570000,911.000000,4.751900,2.060000,0.550000,1.932083
2014-07-31,7.234033,1.974238,104.940000,1281.300049,102.963200,0.300000,0.090000,6.610939,2.580000,0.530000,4.730000,4.160000,0.030000,6.200000,223.000000,60.250000,301131.797117,81.459999,16.950001,1085.000000,4.341309,2.050000,0.570000,0.353113
2014-08-31,6.751047,1.715098,101.120000,1285.800049,102.768800,-0.230000,0.090000,6.259490,2.350000,0.480000,4.690000,4.080000,0.030000,6.100000,197.000000,60.610001,299915.889184,82.750000,12.090000,984.000000,5.293746,1.870000,0.610000,0.597511
2014-09-30,6.302514,1.684051,94.670000,1210.500000,103.064100,0.010000,0.090000,6.049530,2.520000,0.580000,4.800000,4.110000,0.020000,5.900000,294.000000,61.553001,296204.484446,85.940002,16.309999,1023.000000,4.912887,1.940000,0.690000,1.555850
2014-10-31,4.979250,1.609542,84.170000,1171.099976,103.076400,0.040000,0.090000,5.523243,2.350000,0.500000,4.690000,3.920000,0.010000,5.700000,235.000000,61.432999,298472.880698,86.879997,14.030000,1074.000000,4.983969,1.850000,0.770000,-0.194958
2014-11-30,4.115214,1.231525,71.890000,1175.199951,103.712600,0.270000,0.090000,5.807778,2.180000,0.470000,4.790000,3.920000,0.020000,5.800000,291.000000,61.853001,298852.173530,88.360001,13.330000,1001.000000,4.981566,1.710000,0.870000,0.683675
2014-12-31,5.857735,0.653121,55.270000,1183.900024,103.704400,0.060000,0.120000,5.944793,2.170000,0.670000,4.740000,3.790000,0.040000,5.600000,275.000000,63.377998,303454.874927,90.269997,19.200001,1073.000000,3.687936,1.500000,0.950000,2.465519
2015-01-31,7.172997,-0.229931,47.520000,1278.500000,102.890500,-0.260000,0.110000,6.058864,1.680000,0.470000,4.450000,3.460000,0.020000,5.700000,204.000000,61.796001,310606.516330,94.800003,20.969999,1085.000000,4.044844,1.210000,0.990000,-2.496130
2015-02-28,6.302514,-0.087031,61.890000,1212.599976,102.233500,-0.480000,0.110000,6.483995,2.000000,0.630000,4.510000,3.610000,0.020000,5.500000,259.000000,61.754002,319300.488547,95.250000,13.340000,886.000000,2.491505,1.370000,0.900000,-0.067965
2015-03-31,6.276155,-0.022031,53.690000,1183.099976,101.891400,0.010000,0.110000,6.124139,1.940000,0.560000,4.540000,3.640000,0.030000,5.400000,96.000000,62.508999,323824.829169,98.360001,15.290000,960.000000,2.947796,1.380000,0.900000,1.222588
2015-04-30,5.785118,-0.104031,63.900000,1182.400024,101.335500,-0.010000,0.120000,6.002110,2.050000,0.580000,4.480000,3.520000,0.010000,5.400000,273.000000,63.442001,333725.503695,94.599998,14.550000,1190.000000,2.097071,1.470000,0.960000,1.492589
2015-05-31,5.737699,0.035033,63.160000,1189.400024,100.888300,-0.340000,0.120000,5.640583,2.120000,0.610000,4.890000,3.980000,0.010000,5.600000,342.000000,63.825001,334317.692139,96.910004,13.840000,1079.000000,2.724204,1.510000,0.910000,0.603700
2015-06-30,6.097554,0.179572,60.310000,1171.500000,100.571000,-0.140000,0.130000,5.484247,2.350000,0.640000,5.130000,4.190000,0.010000,5.300000,171.000000,63.723999,338106.666367,95.489998,18.230000,1205.000000,2.491429,1.710000,0.940000,-0.158248
2015-07-31,4.365109,0.225686,53.290000,1094.900024,101.222800,0.350000,0.130000,5.361041,2.200000,0.670000,5.200000,4.150000,0.080000,5.200000,282.000000,64.117996,336336.736699,97.370003,12.120000,1146.000000,3.238421,1.530000,1.050000,0.618287
2015-08-31,4.347824,0.241304,47.970000,1131.599976,101.036700,-0.280000,0.140000,5.530046,2.210000,0.740000,5.190000,4.040000,0.080000,5.100000,134.000000,66.142998,334620.809169,95.949997,28.430000,1130.000000,2.427100,1.470000,1.150000,3.158242
2015-09-30,5.138377,0.008843,47.290000,1115.500000,100.754700,-0.120000,0.140000,5.684472,2.060000,0.640000,5.340000,4.070000,-0.010000,5.000000,150.000000,65.919998,333344.798655,96.349998,24.500000,1224.000000,2.249709,1.420000,1.270000,-0.337148
2015-10-31,6.324155,0.127617,48.000000,1141.500000,100.267500,-0.260000,0.120000,5.452381,2.160000,0.750000,5.340000,3.950000,0.080000,5.000000,304.000000,65.444000,336654.246137,96.949997,15.070000,1058.000000,1.572112,1.410000,1.390000,-0.722084
2015-11-30,6.719380,0.436318,43.730000,1065.800049,99.529800,-0.360000,0.120000,5.868904,2.210000,0.940000,5.460000,4.060000,0.220000,5.100000,229.000000,66.900002,333851.954005,100.169998,16.129999,1172.000000,1.660075,1.270000,1.400000,2.224805
2015-12-31,6.324155,0.638725,36.610000,1060.300049,99.041700,-0.300000,0.240000,5.720455,2.270000,1.060000,5.460000,3.970000,0.160000,5.000000,269.000000,66.455002,334310.993025,98.629997,18.209999,1146.000000,2.799051,1.210000,1.490000,-0.665171
2016-01-31,5.905546,1.237503,33.140000,1116.400024,99.560700,0.090000,0.340000,6.107478,1.940000,0.760000,5.450000,4.000000,0.320000,4.800000,133.000000,68.093002,333077.592174,99.610001,20.200001,1092.000000,2.629096,1.180000,1.450000,2.464826
2016-02-29,5.533602,0.847278,35.920000,1233.900024,99.044500,-0.230000,0.380000,5.672325,1.740000,0.780000,5.340000,3.960000,0.330000,4.900000,196.000000,68.730003,330199.405324,98.209999,20.549999,1225.000000,3.745560,0.960000,1.380000,0.935487
2016-03-31,5.511775,0.891616,36.750000,1234.199951,98.309600,-0.330000,0.360000,6.116354,1.780000,0.730000,5.130000,3.820000,0.210000,5.000000,256.000000,66.367996,341189.270080,94.589996,13.950000,1111.000000,1.893014,1.050000,1.310000,-3.436646
2016-04-30,5.859348,1.172626,45.640000,1289.199951,98.642100,-0.100000,0.370000,6.475332,1.830000,0.770000,4.790000,3.620000,0.220000,5.100000,192.000000,66.438004,344140.716169,93.080002,15.700000,1163.000000,2.251939,1.060000,1.170000,0.105484
2016-05-31,6.589098,1.078476,49.260000,1214.800049,98.418400,-0.350000,0.370000,6.790680,1.840000,0.870000,4.680000,3.650000,0.340000,4.800000,46.000000,67.133003,342399.070531,95.889999,14.190000,1148.000000,1.741404,0.970000,1.030000,1.046088
2016-06-30,6.130261,1.079287,48.050000,1318.400024,98.883300,0.130000,0.380000,6.934094,1.490000,0.580000,4.530000,3.500000,0.260000,4.900000,247.000000,67.416000,344029.547095,96.139999,15.630000,1203.000000,2.805337,0.910000,1.030000,0.421547
2016-07-31,6.463848,0.868363,40.760000,1349.000000,98.999200,0.050000,0.390000,6.996768,1.460000,0.670000,4.220000,3.280000,0.270000,4.800000,373.000000,67.007004,346011.764350,95.529999,11.870000,1239.000000,1.775572,0.790000,0.940000,-0.606676
2016-08-31,5.302996,1.055316,47.940000,1306.900024,98.850000,-0.220000,0.400000,7.296896,1.580000,0.800000,4.240000,3.320000,0.330000,4.900000,141.000000,67.126602,346250.456122,96.019997,13.420000,1171.000000,1.832526,0.780000,0.920000,0.178486
2016-09-30,4.135296,1.548645,48.240000,1313.300049,98.745700,-0.090000,0.400000,7.251579,1.600000,0.770000,4.310000,3.410000,0.280000,5.000000,306.000000,66.816299,351667.292320,95.459999,13.290000,1068.000000,2.998406,0.830000,0.900000,-0.462265
2016-10-31,3.345646,1.685925,46.200000,1271.500000,98.761100,-0.070000,0.400000,7.401106,1.840000,0.860000,4.380000,3.510000,0.340000,4.900000,98.000000,66.781403,346822.998356,98.449997,17.059999,1313.000000,3.454352,0.980000,0.870000,-0.052228
2016-11-30,2.592575,1.684333,47.950000,1170.800049,98.349100,-0.220000,0.410000,7.201429,2.370000,1.110000,4.710000,3.860000,0.480000,4.700000,118.000000,68.608002,341975.717394,101.500000,13.330000,1140.000000,3.086284,1.260000,0.850000,2.735191
2016-12-31,2.230398,2.050799,54.960000,1150.000000,99.021400,0.390000,0.540000,6.948716,2.450000,1.200000,4.830000,4.060000,0.500000,4.700000,225.000000,67.932999,341145.194692,102.389999,14.040000,1252.000000,3.880140,1.250000,0.770000,-0.983855
2017-01-31,1.858682,2.510393,55.250000,1208.599976,98.761100,-0.120000,0.650000,6.371445,2.450000,1.190000,4.660000,3.920000,0.520000,4.700000,220.000000,67.820999,344544.924772,99.510002,11.990000,1190.000000,5.676435,1.260000,0.740000,-0.164868
2017-02-28,2.621706,2.810362,53.360000,1252.599976,98.364600,-0.090000,0.660000,6.291719,2.360000,1.220000,4.640000,3.950000,0.530000,4.600000,218.000000,66.693199,345181.175900,101.120003,12.920000,1271.000000,4.776842,1.140000,0.690000,-1.662907
2017-03-31,2.611924,2.441196,52.200000,1247.300049,99.013700,0.020000,0.790000,6.348817,2.400000,1.270000,4.680000,4.010000,0.750000,4.400000,124.000000,64.790001,350923.607640,100.349998,12.370000,1190.000000,4.937808,1.130000,0.670000,-2.853662
2017-04-30,2.214036,2.176223,49.460000,1266.099976,100.022400,0.340000,0.900000,6.127884,2.290000,1.280000,4.570000,3.870000,0.790000,4.400000,205.000000,64.059998,353698.265301,99.050003,10.820000,1146.000000,4.731978,1.010000,0.700000,-1.126722
2017-05-31,1.090916,1.856343,49.400000,1272.000000,100.140800,0.020000,0.910000,5.979072,2.210000,1.280000,4.550000,3.850000,0.960000,4.400000,205.000000,64.618599,360819.689698,96.919998,10.410000,1157.000000,3.875283,0.930000,0.700000,0.871997
2017-06-30,1.083039,1.640566,47.080000,1240.699951,100.347100,0.160000,1.040000,5.649884,2.310000,1.380000,4.370000,3.680000,1.010000,4.300000,203.000000,64.785103,366986.761984,95.660004,11.180000,1249.000000,3.307813,0.930000,0.690000,0.257672
2017-07-31,1.785756,1.725107,51.990000,1266.599976,100.106800,-0.160000,1.150000,5.646991,2.300000,1.340000,4.390000,3.700000,1.050000,4.300000,189.000000,64.123497,374514.735003,92.860001,10.260000,1206.000000,3.401595,0.960000,0.690000,-1.021231
2017-08-31,2.518064,1.928122,52.690000,1316.199951,99.692500,0.010000,1.160000,5.417135,2.120000,1.330000,4.310000,3.630000,0.990000,4.400000,147.000000,63.976200,377934.660329,92.669998,10.590000,1159.000000,3.572429,0.790000,0.680000,-0.229708
2017-09-30,2.888135,2.180565,57.020000,1281.500000,99.795400,0.180000,1.150000,5.301493,2.330000,1.470000,4.300000,3.630000,1.040000,4.300000,89.000000,65.360001,379771.135768,93.080002,9.510000,1181.000000,5.003355,0.860000,0.670000,2.162993
2017-10-31,3.237430,2.020758,61.350000,1267.000000,101.024700,0.540000,1.150000,5.164509,2.380000,1.600000,4.320000,3.600000,1.130000,4.200000,141.000000,64.842400,379329.743480,94.550003,10.180000,1257.000000,4.904737,0.780000,0.720000,-0.791923
2017-11-30,3.971174,2.172494,63.530000,1273.199951,101.266400,0.230000,1.160000,4.826568,2.420000,1.780000,4.270000,3.570000,1.250000,4.200000,223.000000,64.414803,382005.683329,93.010002,11.280000,1273.000000,5.961110,0.640000,0.700000,-0.659441
2017-12-31,4.000057,2.129931,66.730000,1306.300049,101.464400,0.200000,1.300000,4.913690,2.400000,1.890000,4.220000,3.510000,1.370000,4.100000,151.000000,64.061996,389350.147912,92.120003,11.040000,1177.000000,5.286465,0.510000,0.710000,-0.547710
2018-01-31,5.109552,2.151319,67.780000,1339.000000,101.462500,-0.230000,1.410000,4.397229,2.720000,2.140000,4.260000,3.550000,1.440000,4.000000,137.000000,63.769901,401550.065968,89.129997,13.540000,1299.000000,3.660973,0.580000,0.710000,-0.455957
2018-02-28,4.744522,2.263469,66.080000,1315.500000,101.708500,0.470000,1.420000,4.147314,2.870000,2.250000,4.510000,3.820000,1.630000,4.100000,394.000000,64.910004,400132.903901,90.610001,19.850000,1277.000000,4.253216,0.620000,0.690000,1.787838
2018-03-31,4.363664,2.330950,69.020000,1322.800049,102.206700,0.100000,1.510000,4.094345,2.740000,2.270000,4.640000,3.870000,1.700000,4.000000,226.000000,65.029999,403750.660782,90.150002,19.969999,1318.000000,4.407407,0.470000,0.770000,0.184864
2018-04-30,3.971174,2.470996,75.920000,1316.199951,103.332900,0.390000,1.690000,3.795332,2.950000,2.490000,4.670000,3.850000,1.840000,4.000000,140.000000,66.610001,399532.823214,91.839996,15.930000,1276.000000,4.057377,0.460000,0.820000,2.429651
2018-05-31,3.956891,2.781922,76.450000,1300.099976,102.402400,-0.140000,1.700000,3.804917,2.830000,2.400000,4.830000,4.000000,1.890000,3.800000,322.000000,67.430000,391849.998358,93.989998,15.430000,1357.000000,6.311345,0.430000,0.830000,1.231046
2018-06-30,3.928532,2.807551,77.440000,1251.300049,103.198000,0.210000,1.820000,4.081482,2.850000,2.520000,4.830000,3.960000,1.890000,4.000000,218.000000,68.796700,385400.077511,94.629997,16.090000,1192.000000,5.395911,0.330000,0.870000,2.026841
2018-07-31,5.614035,2.854125,74.160000,1223.699951,103.364600,0.050000,1.910000,3.890648,2.960000,2.670000,4.790000,3.870000,1.990000,3.800000,60.000000,68.684998,383776.895972,94.489998,12.830000,1208.000000,6.031749,0.290000,0.920000,-0.162365
2018-08-31,5.614035,2.642924,76.940000,1200.300049,104.032700,0.300000,1.910000,3.792756,2.860000,2.620000,4.770000,3.880000,2.070000,3.800000,257.000000,71.404999,380573.739903,95.139999,12.860000,1288.000000,5.884941,0.240000,0.890000,3.960110
2018-09-30,5.614035,2.332055,82.720000,1191.500000,104.100400,0.020000,1.950000,3.672294,3.050000,2.810000,4.880000,3.980000,2.150000,3.700000,81.000000,72.949997,380813.069454,95.190002,12.120000,1250.000000,3.317680,0.240000,0.900000,2.163711
2018-10-31,5.226513,2.492032,74.840000,1212.300049,103.985600,-0.210000,2.190000,3.311824,3.150000,2.870000,5.070000,4.140000,2.290000,3.800000,169.000000,73.650002,371888.806088,97.129997,21.230000,1221.000000,4.265638,0.280000,0.930000,0.959568
2018-11-30,4.861077,2.147329,57.710000,1220.199951,104.068100,0.010000,2.200000,3.210681,3.010000,2.800000,5.220000,4.220000,2.320000,3.800000,90.000000,69.919998,373187.968981,97.269997,18.070000,1181.000000,3.722848,0.210000,1.000000,-5.064499
2018-12-31,5.244786,2.002381,50.570000,1278.300049,104.093600,-0.130000,2.270000,3.653316,2.690000,2.480000,5.130000,4.020000,2.400000,3.900000,192.000000,69.922501,374425.187184,96.169998,25.420000,1095.000000,1.142920,0.210000,1.110000,0.003579
2019-01-31,6.597137,1.487589,62.460000,1319.699951,103.402100,-0.360000,2.400000,4.035168,2.630000,2.450000,5.120000,3.930000,2.360000,4.000000,251.000000,71.120003,378006.428711,95.580002,16.570000,1226.000000,1.874894,0.180000,1.190000,1.712613
2019-02-28,6.968623,1.518862,65.030000,1312.800049,102.837100,-0.410000,2.400000,4.011558,2.730000,2.520000,4.950000,3.790000,2.400000,3.800000,7.000000,71.190002,379583.834240,96.160004,14.780000,1121.000000,1.594939,0.210000,1.160000,0.098425
2019-03-31,7.665521,1.883186,67.930000,1293.000000,102.875700,-0.100000,2.410000,3.906166,2.410000,2.270000,4.840000,3.770000,2.350000,3.800000,228.000000,69.500000,390267.677763,97.279999,13.710000,1191.000000,3.136064,0.140000,1.070000,-2.373932
2019-04-30,8.333288,2.000583,72.190000,1282.800049,102.274000,-0.510000,2.420000,3.976778,2.510000,2.270000,4.700000,3.690000,2.380000,3.700000,296.000000,69.811798,396238.176684,97.480003,13.120000,1272.000000,3.137225,0.240000,1.010000,0.448630
2019-05-31,8.650538,1.795911,66.780000,1305.800049,102.392000,0.020000,2.390000,4.268544,2.140000,1.950000,4.630000,3.670000,2.300000,3.600000,27.000000,69.980003,399309.608326,97.750000,18.709999,1293.000000,2.597975,0.190000,0.960000,0.240941
2019-06-30,8.591089,1.671195,67.520000,1409.699951,102.437500,0.040000,2.380000,4.674735,2.000000,1.750000,4.460000,3.420000,2.080000,3.600000,220.000000,69.324997,405936.770213,96.129997,15.080000,1243.000000,3.064492,0.250000,1.040000,-0.935991
2019-07-31,5.980012,1.826331,64.070000,1426.099976,101.940800,-0.360000,2.400000,5.015136,2.020000,1.890000,4.280000,3.290000,2.040000,3.700000,99.000000,69.077499,403714.736546,98.519997,16.120001,1240.000000,3.234160,0.130000,0.990000,-0.357011
2019-08-31,6.312211,1.737641,61.040000,1519.099976,102.639000,0.170000,2.130000,5.237211,1.500000,1.500000,3.870000,2.980000,1.950000,3.600000,232.000000,71.680199,401408.385720,98.919998,18.980000,1375.000000,3.873988,0.000000,0.890000,3.767796
2019-09-30,6.976696,1.684498,60.990000,1465.699951,102.291700,-0.430000,2.040000,5.672873,1.680000,1.630000,3.910000,3.030000,1.840000,3.500000,196.000000,70.498703,407452.453119,99.379997,16.240000,1311.000000,3.616429,0.050000,0.880000,-1.648287
2019-10-31,7.615880,1.733974,59.300000,1511.400024,101.428100,-0.780000,1.830000,6.532589,1.690000,1.520000,3.920000,3.010000,1.510000,3.600000,95.000000,70.989998,418505.121882,97.349998,13.220000,1325.000000,2.866950,0.170000,0.910000,0.696885
2019-11-30,8.609263,2.092290,64.500000,1465.599976,101.937200,0.200000,1.550000,7.135807,1.780000,1.610000,3.940000,3.060000,1.560000,3.600000,207.000000,71.547401,424853.307690,98.269997,12.620000,1353.000000,3.079258,0.170000,0.880000,0.785186
2019-12-31,9.634547,2.319527,67.770000,1519.500000,101.700300,-0.350000,1.550000,6.706229,1.920000,1.580000,3.880000,3.010000,1.520000,3.600000,127.000000,71.310997,432378.384524,96.389999,13.780000,1548.000000,5.469697,0.340000,0.870000,-0.330416
2020-01-31,7.491932,2.599768,57.770000,1582.900024,101.033800,-0.250000,1.550000,6.714577,1.510000,1.330000,3.770000,2.940000,1.520000,3.600000,237.000000,71.639999,442647.713931,97.389999,18.840000,1581.000000,5.032012,0.180000,0.830000,0.461363
2020-02-29,6.840434,2.341317,51.310000,1564.099976,101.373500,0.070000,1.580000,6.827190,1.130000,0.860000,3.610000,2.780000,1.250000,3.500000,262.000000,71.930000,451702.905468,98.129997,40.110001,1549.000000,4.794906,0.270000,0.830000,0.404803
2020-03-31,5.501594,1.494040,14.850000,1583.400024,97.407800,-4.370000,0.650000,10.139858,0.700000,0.230000,4.290000,3.020000,0.110000,4.400000,-1398.000000,75.400002,447527.444120,99.050003,53.540001,1266.000000,-6.202383,0.470000,1.270000,4.824136
2020-04-30,5.448694,0.313047,18.110000,1684.199951,84.561900,-18.270000,0.050000,16.874271,0.640000,0.200000,4.130000,2.430000,0.090000,14.800000,-20469.000000,75.258499,449107.995966,99.019997,34.150002,936.000000,-19.688871,0.440000,1.700000,-0.187669
2020-05-31,5.095542,0.198201,34.150000,1736.900024,85.960400,4.750000,0.050000,21.856073,0.650000,0.160000,3.950000,2.500000,0.140000,13.200000,2614.000000,75.959999,460963.536941,98.339996,27.510000,1039.000000,-5.209008,0.490000,1.450000,0.932121
2020-06-30,5.063294,0.716656,41.640000,1793.000000,91.593400,6.310000,0.080000,22.805536,0.660000,0.160000,3.640000,2.440000,0.160000,11.000000,4631.000000,75.699997,472094.307418,97.389999,30.430000,1266.000000,2.530821,0.500000,1.200000,-0.342288
2020-07-31,5.329131,0.996865,43.130000,1962.800049,95.025600,2.640000,0.090000,23.171256,0.550000,0.110000,3.310000,2.140000,0.090000,10.200000,1584.000000,74.989998,497249.262551,93.489998,24.459999,1526.000000,3.381124,0.440000,1.170000,-0.937912
2020-08-31,5.625035,1.281070,45.220000,1967.599976,95.954900,1.260000,0.100000,22.936227,0.720000,0.140000,3.270000,2.250000,0.110000,8.400000,1566.000000,73.128304,505303.565479,92.139999,26.410000,1396.000000,3.545724,0.580000,1.020000,-2.482590
2020-09-30,5.636615,1.391023,40.300000,1887.500000,95.966900,0.500000,0.090000,23.677502,0.690000,0.130000,3.360000,2.310000,0.100000,7.800000,949.000000,73.845001,508526.945423,93.889999,26.370001,1473.000000,6.287283,0.560000,1.050000,0.980055
2020-10-31,5.902145,1.230386,36.330000,1877.400024,96.739400,1.010000,0.090000,23.596955,0.880000,0.140000,3.440000,2.350000,0.090000,6.900000,690.000000,74.264000,523969.558523,94.040001,38.020000,1543.000000,5.574486,0.740000,1.090000,0.567403
2020-11-30,5.284761,1.175745,46.840000,1775.699951,97.081600,0.280000,0.090000,24.220685,0.840000,0.160000,3.300000,2.300000,0.080000,6.700000,273.000000,73.940903,539921.508599,91.870003,20.570000,1543.000000,3.836139,0.680000,1.000000,-0.435066
2020-12-31,3.686607,1.320419,51.220000,1893.099976,98.363000,0.680000,0.090000,24.666801,0.930000,0.130000,3.160000,2.260000,0.090000,6.700000,-185.000000,73.134003,549086.868075,89.940002,22.750000,1614.000000,4.396878,0.800000,0.900000,-1.091277
2021-01-31,3.162903,1.373844,55.250000,1847.300049,98.882200,0.860000,0.090000,25.573068,1.110000,0.110000,3.240000,2.450000,0.060000,6.400000,315.000000,72.938797,554103.798782,90.580002,33.090000,1630.000000,8.563264,1.000000,0.790000,-0.266915
2021-02-28,4.494454,1.669817,65.860000,1728.099976,95.614900,-1.840000,0.080000,26.657246,1.440000,0.140000,3.420000,2.700000,0.040000,6.200000,517.000000,73.150902,549399.409663,90.930000,27.950001,1404.000000,5.736324,1.300000,0.720000,0.290798
2021-03-31,5.665686,2.667819,63.520000,1713.800049,98.385600,2.400000,0.070000,23.875726,1.740000,0.160000,3.740000,3.040000,0.030000,6.100000,852.000000,73.445297,543284.105579,93.230003,19.400000,1696.000000,28.881074,1.580000,0.700000,0.402450
2021-04-30,5.139898,4.133077,67.730000,1767.300049,98.558700,0.120000,0.070000,18.486305,1.650000,0.160000,3.600000,2.900000,0.010000,6.100000,355.000000,74.105797,552737.345147,91.279999,18.610001,1495.000000,51.849996,1.490000,0.700000,0.899308
2021-05-31,5.257642,4.918257,69.360000,1902.500000,99.433300,0.220000,0.060000,14.371813,1.580000,0.140000,3.620000,2.960000,0.010000,5.800000,478.000000,72.393501,560787.725898,90.029999,16.760000,1589.000000,26.509200,1.440000,0.660000,-2.310609
2021-06-30,5.577861,5.295633,76.940000,1770.800049,99.798700,0.330000,0.080000,12.797205,1.450000,0.250000,3.440000,2.790000,0.050000,5.900000,755.000000,74.287598,575510.579221,92.440002,15.830000,1650.000000,18.128400,1.200000,0.650000,2.616390
2021-07-31,5.263891,5.245169,77.720000,1812.599976,100.251900,0.750000,0.100000,12.680236,1.240000,0.190000,3.240000,2.570000,0.060000,5.400000,942.000000,74.251999,582672.086473,92.169998,18.240000,1597.000000,14.347791,1.050000,0.670000,-0.047920
2021-08-31,4.811459,5.152015,73.450000,1815.000000,100.043700,-0.040000,0.090000,13.267342,1.300000,0.200000,3.240000,2.550000,0.040000,5.100000,552.000000,73.411201,603136.242827,92.629997,16.480000,1594.000000,14.093286,1.100000,0.690000,-1.132357
2021-09-30,4.403007,5.351216,77.810000,1755.300049,98.857900,-0.140000,0.080000,12.753371,1.520000,0.280000,3.230000,2.530000,0.040000,4.700000,457.000000,74.321999,598057.121007,94.250000,23.139999,1577.000000,12.630472,1.240000,0.700000,1.240679
2021-10-31,4.518826,6.235042,83.100000,1783.000000,100.186100,0.930000,0.080000,12.695252,1.550000,0.480000,3.350000,2.680000,0.050000,4.500000,801.000000,74.797203,602272.925341,94.120003,16.260000,1579.000000,14.738812,1.070000,0.670000,0.639386
2021-11-30,4.837359,6.901970,70.860000,1773.599976,100.865400,0.650000,0.080000,12.233262,1.430000,0.520000,3.280000,2.620000,0.050000,4.100000,658.000000,75.054901,599403.730377,95.989998,27.190001,1705.000000,17.030533,0.910000,0.660000,0.344529
2021-12-31,5.555543,7.174340,77.240000,1827.500000,100.572600,0.170000,0.080000,12.147095,1.520000,0.730000,3.300000,2.650000,0.060000,3.900000,586.000000,74.431198,594356.484009,95.669998,17.219999,1722.000000,15.112859,0.790000,0.650000,-0.830996
2022-01-31,5.837608,7.558806,92.350000,1795.000000,100.185600,-0.040000,0.080000,11.455460,1.790000,1.180000,3.580000,2.930000,0.240000,4.000000,190.000000,75.039001,591020.180020,96.540001,24.830000,1702.000000,12.924736,0.610000,0.650000,0.816598
2022-02-28,5.042049,7.937279,103.080000,1899.400024,100.806400,0.390000,0.080000,10.619924,1.830000,1.440000,3.970000,3.250000,0.370000,3.900000,819.000000,75.068001,590657.717954,96.709999,30.150000,1735.000000,17.106174,0.390000,0.720000,0.038646
2022-03-31,5.351198,8.572205,107.290000,1949.199951,101.390700,0.420000,0.200000,9.558638,2.320000,2.280000,4.290000,3.430000,0.510000,3.700000,490.000000,75.827797,564868.349642,98.309998,20.559999,1712.000000,7.860751,0.040000,0.860000,1.012144
2022-04-30,6.328001,8.231751,108.360000,1909.300049,101.440000,0.000000,0.330000,7.882015,2.890000,2.700000,4.660000,3.760000,0.830000,3.700000,308.000000,76.588997,554647.525572,102.959999,33.400002,1820.000000,8.413182,0.190000,0.900000,1.003853
2022-05-31,6.965109,8.538171,125.530000,1842.699951,101.333500,-0.420000,0.770000,6.189568,2.850000,2.530000,5.120000,4.130000,1.130000,3.600000,301.000000,77.520897,562226.718595,101.750000,26.190001,1531.000000,9.014806,0.320000,0.990000,1.216754
2022-06-30,6.162695,8.979361,119.780000,1804.099976,101.018000,-0.250000,1.210000,5.744614,2.980000,2.920000,5.270000,4.240000,1.660000,3.600000,434.000000,78.898300,548773.984866,104.690002,28.709999,1551.000000,8.850887,0.060000,1.030000,1.776815
2022-07-31,5.781763,8.462577,111.510000,1762.900024,101.223000,0.200000,1.680000,4.948582,2.670000,2.890000,5.210000,4.060000,2.340000,3.500000,714.000000,79.571503,534690.412999,105.900002,21.330000,1381.000000,9.593116,-0.220000,1.150000,0.853254
2022-08-31,5.853678,8.222579,96.550000,1712.800049,101.096300,0.040000,2.330000,3.872918,3.150000,3.450000,5.150000,4.070000,2.870000,3.600000,290.000000,79.682297,520844.755866,108.699997,25.870001,1531.000000,9.583788,-0.300000,1.080000,0.139238
2022-09-30,6.488255,8.192107,88.900000,1662.400024,101.291800,0.000000,2.560000,2.647039,3.830000,4.220000,5.690000,4.590000,3.220000,3.500000,220.000000,81.480598,495189.249605,112.120003,31.620001,1488.000000,8.559207,-0.390000,1.100000,2.256840
2022-10-31,6.084886,7.758814,93.300000,1635.900024,101.252900,0.040000,3.080000,1.406841,4.100000,4.510000,6.260000,5.100000,4.060000,3.600000,357.000000,82.239197,496564.013946,111.529999,25.879999,1435.000000,8.098963,-0.410000,1.160000,0.931017
2022-11-30,5.409730,7.122856,85.610000,1746.000000,100.955200,-0.600000,3.780000,0.331335,3.680000,4.380000,6.070000,4.900000,4.270000,3.600000,303.000000,81.630898,513369.416042,105.949997,20.580000,1424.000000,5.534556,-0.700000,1.170000,-0.739671
2022-12-31,5.502361,6.404600,82.820000,1819.699951,99.766400,-0.460000,4.100000,-1.058900,3.880000,4.410000,5.590000,4.430000,4.300000,3.500000,100.000000,82.835098,521419.383958,103.519997,21.670000,1308.000000,5.133578,-0.530000,1.160000,1.475178
2023-01-31,6.155037,6.327179,83.420000,1929.500000,100.505000,0.560000,4.330000,-1.686870,3.520000,4.210000,5.500000,4.400000,4.580000,3.500000,434.000000,81.579903,530592.718784,102.099998,19.400000,1361.000000,7.718655,-0.690000,1.100000,-1.515294
2023-02-28,6.160035,5.957821,83.210000,1828.900024,100.641600,-0.430000,4.570000,-2.237400,3.920000,4.810000,5.590000,4.560000,4.720000,3.600000,290.000000,82.652000,521182.628293,104.870003,20.700001,1399.000000,5.336303,-0.890000,1.030000,1.314169
2023-03-31,5.793615,4.917719,79.190000,1969.000000,101.020500,-0.410000,4.650000,-3.827162,3.480000,4.060000,5.710000,4.600000,4.680000,3.500000,68.000000,82.100502,533279.818317,102.510002,18.700001,1377.000000,2.157207,-0.580000,1.110000,-0.667254
2023-04-30,5.090099,4.950080,81.320000,1990.099976,101.253000,0.040000,4.830000,-4.636759,3.440000,4.040000,5.530000,4.470000,4.950000,3.400000,241.000000,81.765099,544545.952523,101.669998,15.780000,1354.000000,1.560147,-0.600000,1.060000,-0.408528
2023-05-31,4.418654,4.131851,71.980000,1963.900024,100.928600,-0.180000,5.060000,-4.062017,3.640000,4.400000,5.770000,4.670000,5.260000,3.600000,280.000000,82.683899,545704.729661,104.320000,17.940001,1584.000000,2.130039,-0.760000,1.100000,1.123707
2023-06-30,5.572775,3.070617,74.510000,1921.099976,100.119600,-0.410000,5.080000,-3.935083,3.810000,4.870000,5.750000,4.650000,5.170000,3.600000,225.000000,82.075401,551201.105823,102.910004,13.590000,1421.000000,1.651972,-1.060000,1.100000,-0.735932
2023-07-31,7.544302,3.287749,85.220000,1970.500000,100.906700,0.130000,5.120000,-3.972043,3.970000,4.880000,5.740000,4.660000,5.280000,3.500000,163.000000,82.252800,560733.750176,101.860001,13.630000,1460.000000,2.861648,-0.910000,1.080000,0.216141
2023-08-31,6.912412,3.722505,87.290000,1938.199951,100.839300,-0.170000,5.330000,-3.934116,4.090000,4.850000,6.020000,4.950000,5.320000,3.700000,218.000000,82.700401,553212.330477,103.620003,13.570000,1317.000000,3.193202,-0.760000,1.070000,0.544178
2023-09-30,4.722002,3.687207,95.860000,1848.099976,101.021100,-0.030000,5.330000,-3.658525,4.590000,5.030000,6.160000,5.130000,5.320000,3.700000,156.000000,83.193001,544405.448262,106.169998,17.520000,1371.000000,4.162398,-0.440000,1.030000,0.595643
2023-10-31,4.452841,3.251266,86.820000,1985.199951,100.468900,-0.510000,5.330000,-3.394702,4.880000,5.070000,6.630000,5.610000,5.330000,3.900000,159.000000,83.296501,542079.544072,106.660004,18.139999,1368.000000,2.613692,-0.190000,1.020000,0.124410
2023-11-30,4.981121,3.133346,81.720000,2038.099976,100.863900,0.140000,5.330000,-3.107163,4.370000,4.730000,6.290000,5.280000,5.250000,3.700000,127.000000,83.330299,556543.068949,103.500000,12.920000,1514.000000,3.922919,-0.360000,1.010000,0.040576
2023-12-31,4.913119,3.315910,77.690000,2062.399902,100.603100,-0.120000,5.330000,-2.451285,3.880000,4.230000,5.640000,4.740000,5.200000,3.800000,154.000000,82.302002,574508.789080,101.330002,12.450000,1521.000000,5.295483,-0.350000,0.900000,-1.234002
2024-01-31,4.593418,3.088343,82.980000,2048.399902,99.222300,-0.990000,5.330000,-2.042881,3.990000,4.270000,5.680000,4.870000,5.220000,3.700000,175.000000,83.109703,572003.913129,103.269997,14.350000,1381.000000,0.029842,-0.280000,0.810000,0.981387
2024-02-29,4.898238,3.157074,84.570000,2045.699951,100.285000,0.260000,5.330000,-1.525894,4.250000,4.640000,5.770000,5.030000,5.250000,3.900000,206.000000,82.911903,577133.114834,104.160004,13.400000,1552.000000,1.953130,-0.390000,0.740000,-0.237998
2024-03-31,4.201080,3.486835,86.170000,2217.399902,100.457500,-0.130000,5.330000,0.126211,4.200000,4.590000,5.750000,5.010000,5.230000,3.900000,228.000000,83.392998,593744.011869,104.550003,13.010000,1312.000000,3.393623,-0.390000,0.740000,0.580248
2024-04-30,3.874778,3.360795,88.230000,2291.399902,100.243400,-0.370000,5.330000,0.960501,4.690000,5.040000,6.000000,5.280000,5.250000,3.900000,64.000000,83.451103,584311.156243,106.220001,15.650000,1385.000000,2.551552,-0.350000,0.720000,0.069677
2024-05-31,3.860395,3.244279,79.410000,2322.899902,100.863000,0.150000,5.330000,0.917431,4.510000,4.890000,5.950000,5.250000,5.250000,3.900000,78.000000,83.320900,595021.554909,104.669998,12.920000,1316.000000,2.800407,-0.380000,0.700000,-0.156023
2024-06-30,3.665688,2.970258,87.260000,2327.699951,100.894000,-0.220000,5.330000,1.300435,4.360000,4.710000,5.820000,5.130000,5.220000,4.100000,87.000000,83.450897,595473.433970,105.870003,12.440000,1327.000000,2.264306,-0.350000,0.690000,0.156020
2024-07-31,2.147471,2.941476,81.390000,2426.500000,99.975700,-0.390000,5.330000,1.475343,4.090000,4.290000,5.840000,5.120000,5.150000,4.200000,53.000000,83.738998,612132.483487,104.099998,16.360001,1265.000000,3.008590,-0.200000,0.720000,0.345234
2024-08-31,2.442539,2.607144,80.200000,2493.800049,100.430900,-0.080000,5.330000,1.982446,3.910000,3.910000,5.600000,4.870000,4.980000,4.200000,9.000000,83.895103,620488.463015,101.699997,15.000000,1391.000000,1.793926,0.000000,0.730000,0.186419
2024-09-30,4.218177,2.426483,72.350000,2636.100098,99.808400,-0.290000,5.130000,2.489914,3.810000,3.660000,5.420000,4.680000,4.520000,4.100000,155.000000,83.716400,640051.704088,100.779999,16.730000,1357.000000,1.980264,0.150000,0.740000,-0.213008
2024-10-31,4.407490,2.578844,73.250000,2738.300049,99.469500,-0.560000,4.830000,2.892883,4.280000,4.160000,5.630000,4.950000,4.440000,4.100000,33.000000,84.089104,612406.993362,103.980003,23.160000,1352.000000,3.227001,0.120000,0.680000,0.445198
2024-11-30,3.882097,2.719472,74.160000,2657.000000,99.292500,-0.060000,4.640000,3.358177,4.180000,4.130000,5.780000,5.140000,4.390000,4.200000,134.000000,84.471603,592220.818187,105.739998,13.510000,1295.000000,3.870409,0.050000,0.640000,0.454874
2024-12-31,3.530243,2.870691,74.580000,2606.100098,100.327300,0.330000,4.480000,3.438402,4.580000,4.250000,5.800000,5.200000,4.230000,4.100000,237.000000,85.386002,569544.279505,108.129997,17.400000,1514.000000,4.515378,0.330000,0.600000,1.082492
