Date,IN_CPI_YoY,US_CPI_YoY,Oil_Brent_USD,Gold_USD,IN_IIP_YoY,IN_CLI_OECD,IN_Business_Confidence,US_Industrial_Production,US_CFNAI,US_Leading_Index,IN_Repo_Rate,IN_10Y_Yield,US_Fed_Funds_Rate,US_M2_YoY,US_10Y_Yield,US_2Y_Yield,US_BAA_Yield,US_AAA_Yield,US_3M_TBill,US_Unemployment_Rate,US_NFP_MoM_Change,USDINR,IN_Forex_Reserves_USD,DXY_Dollar_Index,Nifty50_MoM_Return,SP500_MoM_Return,Gold_MoM_Return,BankNifty_MoM_Return,US_VIX,US_Housing_Starts,US_Retail_Sales_YoY,US_Yield_Curve_Spread,US_Credit_Spread,IN_Real_Repo_Rate
2005-01-31,,,44.509000,421.799988,57.161530,99.909740,102.050900,95.880100,0.190000,1.160000,6.000000,,2.280000,,4.221500,3.222500,6.020000,5.360000,2.333500,5.300000,,43.660000,125068.919186,83.599998,,,,,12.820000,2144.000000,,0.999000,0.660000,
2005-02-28,,,45.475000,436.500000,57.882140,99.945550,101.877400,96.576100,0.400000,1.540000,6.000000,,2.500000,,4.165263,3.384737,5.820000,5.200000,2.538947,5.400000,253.000000,43.560001,131519.821799,82.510002,,1.890335,3.485067,,12.080000,2207.000000,,0.780526,0.620000,
2005-03-31,,,53.104545,428.700012,58.861610,99.984540,101.925300,96.445600,-0.280000,1.390000,6.000000,,2.630000,,4.497727,3.726818,6.060000,5.400000,2.738636,5.200000,120.000000,43.610001,137008.340401,84.059998,,-1.911766,-1.786939,,14.020000,1864.000000,,0.770909,0.660000,
2005-04-30,,,51.883810,435.000000,56.361870,100.024900,102.106700,96.653200,0.570000,1.640000,6.000000,,2.790000,,4.340952,3.653810,6.050000,5.330000,2.780952,5.200000,366.000000,43.380001,137392.934254,84.430000,,-2.010858,1.469556,,15.310000,2061.000000,,0.687143,0.720000,
2005-05-31,,,48.645455,416.299988,56.697110,100.064700,102.320900,96.740200,-0.020000,1.310000,6.000000,,3.000000,,4.144286,3.643810,6.010000,5.150000,2.841429,5.100000,169.000000,43.619999,134348.781252,87.760002,,2.995205,-4.298853,,13.290000,2025.000000,,0.500476,0.860000,
2005-06-30,,,54.354545,435.899994,57.686860,100.102500,102.505800,97.175300,0.410000,1.670000,6.000000,,3.040000,,3.998182,3.640455,5.860000,4.960000,2.972727,5.000000,259.000000,43.459999,133787.216941,89.110001,,-0.014271,4.708145,,12.040000,2068.000000,,0.357727,0.900000,
2005-07-31,,,57.520000,429.899994,56.588780,100.138900,102.657700,96.867600,-0.050000,1.680000,6.000000,,3.260000,,4.177500,3.871000,5.950000,5.060000,3.215500,5.000000,352.000000,43.349998,136017.528555,89.349998,,3.596829,-1.376463,,11.570000,2054.000000,,0.306500,0.890000,
2005-08-31,,,63.983478,433.799988,58.069180,100.175200,102.779100,97.183300,0.210000,1.780000,6.000000,,3.500000,,4.262609,4.044348,5.960000,5.090000,3.440870,4.900000,202.000000,43.980000,139545.536826,87.580002,,-1.122210,0.907186,,12.600000,2095.000000,,0.218261,0.870000,
2005-09-30,,,62.908182,469.000000,57.778930,100.212700,102.859800,95.300500,-0.620000,1.300000,6.000000,,3.620000,,4.199048,3.946190,6.030000,5.130000,3.419524,5.000000,50.000000,43.930000,138348.338137,89.519997,,0.694902,8.114341,,11.920000,2151.000000,,0.252857,0.900000,
2005-10-31,,,58.538571,465.100006,59.006670,100.252100,102.888500,96.457200,0.650000,1.350000,6.000000,,3.780000,,4.463500,4.271000,6.300000,5.350000,3.706000,5.000000,89.000000,45.040001,138710.724234,90.070000,,-1.774078,-0.831555,,15.320000,2065.000000,,0.192500,0.950000,
2005-11-30,,,55.241818,494.600006,58.171990,100.293200,102.830700,97.541400,0.750000,1.510000,6.000000,,4.000000,,4.535000,4.416500,6.390000,5.420000,3.883500,5.000000,356.000000,45.860001,137895.960250,91.570000,,3.518610,6.342722,,12.060000,2147.000000,,0.118500,0.970000,
2005-12-31,,,56.855714,517.099976,60.263030,100.335900,102.658200,98.045200,0.330000,1.700000,6.000000,,4.160000,,4.467143,4.404286,6.320000,5.370000,3.886190,4.900000,162.000000,44.970001,131924.326287,91.169998,,-0.095235,4.549124,,12.070000,1994.000000,,0.062857,0.950000,
2006-01-31,4.372621,4.018789,62.985238,570.799988,61.252280,100.380200,102.465900,98.199900,0.470000,1.850000,6.000000,,4.290000,4.654164,4.416000,4.395500,6.240000,5.290000,4.236000,4.700000,268.000000,43.900002,134686.556094,88.959999,,2.546677,10.384841,,12.950000,2273.000000,8.837371,0.020500,0.950000,1.627379
2006-02-28,4.571434,3.638254,60.210000,561.599976,61.554990,100.426400,102.386300,98.241300,0.100000,1.620000,6.000000,,4.490000,4.904564,4.568947,4.668421,6.270000,5.350000,4.433158,4.800000,306.000000,44.250000,136640.098147,90.110001,,0.045316,-1.611775,,12.340000,2119.000000,6.674598,-0.099474,0.920000,1.428566
2006-03-31,4.571434,3.417918,62.064783,581.799988,62.726170,100.475500,102.525300,98.462800,0.220000,1.580000,6.000000,,4.590000,4.978056,4.723913,4.733913,6.410000,5.530000,4.512174,4.700000,305.000000,44.528000,145854.117834,89.730003,,1.109581,3.596868,,11.390000,1969.000000,6.799334,-0.010000,0.880000,1.428566
2006-04-30,4.652819,3.613836,70.260000,651.799988,62.039100,100.529700,102.783300,98.761800,-0.090000,1.430000,6.000000,,4.790000,5.340617,4.990526,4.888947,6.680000,5.840000,4.603684,4.700000,172.000000,44.901001,154362.651036,86.110001,,1.215565,12.031626,,11.590000,1821.000000,6.364774,0.101579,0.840000,1.347181
2006-05-31,5.925414,3.977273,69.776957,642.500000,62.788990,100.590800,103.038500,98.786900,0.020000,1.080000,6.000000,,4.940000,5.165921,5.110000,4.968182,6.750000,5.950000,4.715455,4.600000,39.000000,46.160000,156844.642247,84.720001,,-3.091692,-1.426816,,16.440001,1942.000000,6.617914,0.141818,0.800000,0.074586
2006-06-30,7.269132,4.181724,68.555909,613.500000,62.897130,100.660100,103.209900,99.099700,0.030000,1.130000,6.000000,,4.990000,5.222906,5.106364,5.121818,6.780000,5.890000,4.791364,4.600000,88.000000,45.805000,156731.992764,85.220001,,0.008660,-4.513619,,13.080000,1802.000000,4.025870,-0.015455,0.890000,-1.269132
2006-07-31,6.332181,4.104669,73.674286,634.200012,64.997830,100.736800,103.323600,99.048900,-0.280000,0.720000,6.000000,,5.240000,5.350348,5.087500,5.118500,6.760000,5.850000,4.946500,4.700000,192.000000,46.419998,158019.991894,85.300003,,0.508588,3.374085,,14.950000,1737.000000,3.648289,-0.031000,0.910000,-0.332181
2006-08-31,5.938365,3.926568,73.230435,625.900024,63.912740,100.819500,103.420700,99.483600,0.180000,1.010000,6.000000,,5.250000,5.303894,4.876522,4.903478,6.590000,5.680000,4.960435,4.700000,163.000000,46.476002,159707.634007,85.050003,,2.127419,-1.308733,,12.310000,1650.000000,5.268098,-0.026957,0.910000,0.061635
2006-09-30,6.398643,2.012072,61.958571,598.599976,65.533790,100.906900,103.523700,99.318300,0.000000,0.880000,6.000000,,5.250000,5.178439,4.719000,4.769000,6.430000,5.510000,4.805500,4.500000,134.000000,45.715000,159103.351582,85.970001,,2.456630,-4.361727,,11.980000,1720.000000,4.349376,-0.050000,0.920000,-0.398643
2006-10-31,6.917449,1.406328,57.808182,604.099976,64.423360,100.998700,103.618200,99.204400,-0.270000,1.080000,6.000000,,5.250000,5.385391,4.729048,4.795714,6.420000,5.510000,4.917143,4.400000,17.000000,44.834999,161326.243414,85.320000,,3.150800,0.918811,,11.100000,1491.000000,4.241091,-0.066667,0.910000,-0.917449
2006-11-30,5.950752,1.968703,58.761364,646.900024,70.065360,101.095100,103.666000,99.162700,-0.110000,0.820000,6.000000,,5.250000,5.652559,4.595238,4.740476,6.200000,5.330000,4.943333,4.500000,217.000000,44.550999,168150.216332,82.919998,,1.646666,7.084928,,10.910000,1570.000000,3.649192,-0.145238,0.870000,0.049248
2006-12-31,6.528666,2.523978,62.472105,635.200012,68.846890,101.195900,103.625600,100.173500,0.770000,1.000000,6.000000,,5.240000,5.865905,4.564500,4.673500,6.220000,5.320000,4.847500,4.400000,189.000000,44.040001,170737.998444,83.720001,,1.261578,-1.808628,,11.560000,1649.000000,4.846203,-0.109000,0.900000,-0.528666
2007-01-31,6.722692,2.075765,53.681429,652.000000,69.809100,101.299400,103.520400,99.834600,-0.480000,1.280000,6.000000,,5.250000,5.768116,4.759524,4.876190,6.340000,5.400000,4.975238,4.600000,223.000000,44.005001,173635.720629,84.610001,,1.405904,2.644834,,10.420000,1409.000000,1.752540,-0.116667,0.940000,-0.722692
2007-02-28,7.563026,2.420261,57.555789,669.400024,70.207220,101.403200,103.369300,100.775300,0.200000,1.090000,6.000000,,5.260000,5.619791,4.722632,4.848947,6.280000,5.390000,5.026842,4.500000,88.000000,44.015999,187683.405584,83.570000,,-2.184618,2.668715,,15.420000,1480.000000,2.744502,-0.126316,0.890000,-1.563026
2007-03-31,6.722692,2.798197,62.050455,663.000000,71.706610,101.504400,103.183300,100.954700,0.240000,1.340000,6.000000,,5.260000,5.892781,4.564545,4.573636,6.270000,5.300000,4.939091,4.400000,224.000000,43.044998,192398.122787,82.930000,,0.997998,-0.956084,,14.640000,1495.000000,3.174330,-0.009091,0.970000,-0.722692
2007-04-30,6.666670,2.592925,67.485789,680.500000,72.583760,101.599800,103.006700,101.633400,-0.100000,1.040000,6.000000,,5.250000,6.372945,4.693810,4.666190,6.390000,5.470000,4.869048,4.500000,63.000000,40.969002,197375.974912,81.449997,,4.329069,2.639517,,14.220000,1490.000000,2.425215,0.027619,0.920000,-0.666670
2007-05-31,6.611573,2.709886,67.212273,661.000000,74.702070,101.686100,102.895600,101.730600,0.050000,1.210000,6.000000,,5.250000,6.470787,4.746364,4.766364,6.390000,5.470000,4.732727,4.400000,145.000000,40.546001,201161.160549,82.300003,,3.254923,-2.865540,,13.050000,1415.000000,4.068916,-0.020000,0.920000,-0.611573
2007-06-30,5.691062,2.692765,71.045714,648.099976,75.157010,101.759900,102.886900,101.789300,-0.020000,0.700000,6.000000,,5.250000,6.363291,5.102857,4.980476,6.700000,5.790000,4.610952,4.600000,78.000000,40.529999,206578.992751,81.919998,,-1.781632,-1.951592,,16.230000,1448.000000,2.690745,0.122381,0.910000,0.308938
2007-07-31,6.451616,2.317891,76.930000,666.900024,75.267150,101.818100,102.900800,101.667200,-0.400000,0.510000,6.000000,,5.260000,6.166589,5.004286,4.819048,6.650000,5.730000,4.821429,4.700000,-26.000000,40.397999,220222.967457,80.769997,,-3.198188,2.900795,,23.520000,1354.000000,2.800100,0.185238,0.920000,-0.451616
2007-08-31,7.258066,1.897448,70.760870,673.000000,75.490850,101.857200,102.830300,101.863000,-0.070000,0.550000,6.000000,,5.020000,6.782574,4.674783,4.313043,6.650000,5.790000,4.201739,4.600000,-31.000000,40.575001,221969.313251,80.790001,,1.286357,0.914676,,23.379999,1330.000000,2.941251,0.361739,0.860000,-1.258066
2007-09-30,6.400004,2.833826,77.173158,742.799988,74.422500,101.872700,102.607000,102.089400,-0.080000,0.400000,6.000000,,4.940000,6.625050,4.521579,4.011579,6.590000,5.740000,3.892105,4.700000,86.000000,39.575001,240396.462050,77.720001,,3.579401,10.371469,,18.000000,1183.000000,3.968227,0.510000,0.850000,-0.400004
2007-10-31,5.511795,3.610698,82.340000,792.000000,76.697700,101.859000,102.351300,101.801500,-0.270000,0.610000,6.000000,,4.760000,6.089950,4.527727,3.967727,6.480000,5.660000,3.899545,4.700000,76.000000,39.174000,256883.785634,76.480003,17.511223,1.482234,6.623588,12.073191,18.530001,1264.000000,4.639708,0.560000,0.820000,0.488205
2007-11-30,5.511795,4.373267,92.414286,782.200012,77.303140,101.810500,102.237700,102.344600,-0.080000,0.430000,6.000000,,4.490000,5.917126,4.148500,3.336500,6.400000,5.440000,3.273000,4.700000,115.000000,39.455002,265163.082561,76.150002,-2.337029,-4.404342,-1.237372,4.022999,22.870001,1197.000000,5.299390,0.812000,0.960000,0.488205
2007-12-31,5.511795,4.108813,90.926842,834.900024,78.402400,101.723800,102.393200,102.380300,-0.440000,0.250000,6.000000,,4.240000,5.703309,4.097500,3.117000,6.650000,5.490000,2.995500,5.000000,105.000000,39.244999,266988.346673,76.699997,6.522061,-0.862851,6.737409,5.201728,22.500000,1037.000000,2.862779,0.980500,1.160000,0.488205
2008-01-31,5.511795,4.294696,92.178095,922.700012,79.281040,101.597800,102.651900,102.244800,-0.230000,0.410000,6.000000,,3.940000,5.608081,3.744286,2.475714,6.540000,5.330000,2.753333,5.000000,-4.000000,39.313999,284034.483771,75.180000,-16.309091,-6.116343,10.516228,-6.460222,26.200001,1084.000000,3.253586,1.268571,1.210000,0.488205
2008-02-29,5.468755,4.142959,94.986500,972.099976,79.271010,101.434000,102.777400,101.843800,-0.790000,0.320000,6.000000,,2.980000,6.583687,3.737500,1.973000,6.820000,5.530000,2.124500,4.900000,-62.000000,39.910000,291676.756096,73.709999,1.674952,-3.476119,5.353849,-5.830102,26.540001,1103.000000,2.126239,1.764500,1.290000,0.531245
2008-03-31,7.874014,3.974904,103.635500,916.200012,80.159970,101.235600,102.580900,101.533600,-0.790000,0.190000,6.000000,,2.610000,7.000363,3.510000,1.617000,6.890000,5.510000,1.262500,5.100000,-70.000000,39.889000,299684.068707,71.800003,-9.361539,-0.595962,-5.750434,-23.403176,25.610001,1005.000000,1.599544,1.893000,1.380000,-1.874014
2008-04-30,7.812498,3.903761,109.071364,862.799988,79.952000,101.006600,102.172500,100.878500,-0.670000,0.180000,6.000000,,2.280000,6.515945,3.675000,2.047273,6.970000,5.550000,1.293636,5.000000,-219.000000,40.386002,304725.230353,72.510002,9.111837,4.754670,-5.828424,14.635606,20.790001,1013.000000,1.744189,1.627727,1.420000,-1.812498
2008-05-31,7.751936,4.088414,122.797143,887.299988,80.186290,100.751700,101.671000,100.267400,-0.840000,0.000000,6.000000,,1.980000,6.486919,3.880000,2.445714,6.930000,5.570000,1.733810,5.400000,-189.000000,42.530998,305407.267292,72.879997,-5.726007,1.067418,2.839592,-13.693143,17.830000,973.000000,1.423909,1.434286,1.360000,-1.751936
2008-06-30,7.692306,4.935966,132.322381,926.200012,81.272930,100.476800,101.124800,100.033500,-0.710000,-0.120000,6.000000,,2.000000,6.258404,4.099524,2.773810,7.070000,5.680000,1.856190,5.600000,-151.000000,42.852001,302874.407309,72.459999,-17.033532,-8.596238,4.384089,-23.651542,23.950001,1046.000000,2.412876,1.325714,1.390000,-1.692306
2008-07-31,8.333350,5.497512,132.718182,913.900024,79.207310,100.188700,100.526600,99.676000,-1.210000,-0.410000,6.000000,,2.010000,6.456065,4.007727,2.573182,7.160000,5.670000,1.625909,5.800000,-203.000000,42.433998,296437.854547,73.230003,7.236642,-0.985937,-1.328006,13.984353,22.940001,923.000000,1.609863,1.434545,1.490000,-2.333350
2008-08-31,9.022571,5.308017,113.243333,829.299988,80.130970,99.895390,99.802590,98.111100,-1.250000,-0.790000,6.000000,,2.000000,5.557960,3.885714,2.420476,7.150000,5.640000,1.721905,6.100000,-286.000000,43.625000,286613.498252,77.379997,0.624281,1.219046,-9.257034,6.492089,20.650000,844.000000,0.257097,1.465238,1.510000,-3.022571
2008-09-30,9.774449,4.953320,97.234762,874.200012,82.155180,99.606330,98.853870,93.789500,-2.580000,-0.600000,6.000000,,1.810000,6.197221,3.686190,2.076190,7.310000,5.650000,1.134286,6.100000,-451.000000,46.601002,277769.994520,79.449997,-10.064221,-9.079143,5.414208,-4.891800,39.389999,820.000000,-1.694242,1.610000,1.660000,-3.774449
2008-10-31,10.447772,3.731058,71.582174,716.799988,79.676750,99.332580,97.723630,94.721900,-1.130000,-1.180000,6.000000,,0.970000,7.361236,3.814091,1.612273,8.880000,6.280000,0.674545,6.500000,-469.000000,49.403000,244499.400687,85.629997,-26.410279,-16.942452,-18.005036,-22.087341,59.889999,777.000000,-5.767419,2.201818,2.600000,-4.447772
2008-11-30,10.447772,1.099917,52.452632,816.200012,78.960450,99.086240,96.442830,93.471500,-2.340000,-1.770000,6.000000,,0.390000,7.692927,3.526667,1.212778,9.210000,6.120000,0.191111,6.800000,-750.000000,49.869999,239758.727087,86.519997,-4.522456,-7.484904,13.867191,-5.098747,55.279999,652.000000,-10.323753,2.313889,3.090000,-4.447772
2008-12-31,9.701505,-0.022228,39.946818,883.599976,76.891810,98.879840,95.057370,90.835700,-2.670000,-1.880000,6.000000,,0.160000,9.631342,2.416364,0.820909,8.430000,5.050000,0.034545,7.300000,-694.000000,48.064999,247418.901857,81.309998,7.406257,0.782158,8.257775,16.555000,40.000000,560.000000,-11.403583,1.595455,3.380000,-3.701505
2009-01-31,10.447772,-0.113586,43.439500,927.299988,75.375240,98.725720,93.805910,88.570000,-3.030000,-2.320000,6.000000,,0.150000,10.262720,2.517500,0.807000,8.140000,5.050000,0.130000,7.800000,-768.000000,48.733002,239684.694690,86.000000,-2.850476,-8.565734,4.945678,-10.896622,44.840000,490.000000,-10.229797,1.710500,3.090000,-4.447772
2009-02-28,9.629621,0.008463,43.324737,941.500000,76.243260,98.633030,93.085200,88.031000,-1.240000,-2.290000,6.000000,,0.220000,9.406891,2.870000,0.975263,8.080000,5.270000,0.295789,8.300000,-761.000000,50.650002,239490.897553,88.010002,-3.866361,-10.993120,1.531329,-12.658893,46.349998,582.000000,-9.818030,1.894737,2.810000,-3.629621
2009-03-31,8.029193,-0.446479,46.540455,922.599976,75.690120,98.604620,93.281570,86.652800,-2.340000,-2.650000,6.000000,,0.180000,9.340287,2.819545,0.931364,8.420000,5.500000,0.213636,8.700000,-824.000000,50.784000,242345.224044,85.430000,9.310154,8.540446,-2.007438,6.186425,44.139999,505.000000,-11.646822,1.888182,2.920000,-2.029193
2009-04-30,8.695646,-0.576324,50.181905,890.700012,78.059140,98.636340,94.071510,85.934400,-1.610000,-2.210000,6.000000,,0.150000,8.798703,2.927143,0.927143,8.390000,5.390000,0.158095,9.000000,-672.000000,49.188000,242657.842725,84.610001,14.995283,9.392508,-3.457616,24.139886,36.500000,478.000000,-11.099568,2.000000,3.000000,-2.695646
2009-05-31,8.633088,-1.015761,57.302500,978.799988,78.975250,98.718540,95.149560,85.066500,-1.190000,-1.290000,6.000000,,0.180000,9.371926,3.293000,0.929500,8.060000,5.540000,0.176000,9.400000,-356.000000,46.969002,252608.268861,80.430000,28.066042,5.308145,9.891094,44.502479,28.920000,540.000000,-11.199848,2.363500,2.520000,-2.633088
2009-06-30,9.285726,-1.229175,68.609545,927.099976,79.588470,98.839840,96.362490,84.745900,-0.930000,-0.770000,6.000000,,0.210000,9.238239,3.721818,1.184091,7.500000,5.610000,0.176818,9.500000,-458.000000,47.800999,255248.377416,80.129997,-3.548030,0.019583,-5.281979,-1.018301,26.350000,585.000000,-9.947523,2.537727,1.890000,-3.285726
2009-07-31,11.888095,-1.958761,64.435455,953.700012,80.455800,98.989730,97.555520,85.702700,0.140000,-0.210000,6.000000,,0.160000,8.628966,3.562273,1.019091,7.090000,5.410000,0.183636,9.500000,-346.000000,47.625999,261864.865906,78.349998,8.048055,7.414173,2.869166,2.802208,25.920000,594.000000,-9.228660,2.543182,1.680000,-5.888095
2009-08-31,11.724140,-1.483836,72.508571,951.700012,84.522790,99.159650,98.575340,86.642600,0.000000,-0.060000,6.000000,,0.160000,8.419380,3.587143,1.115238,6.580000,5.260000,0.171429,9.600000,-190.000000,48.750000,267318.299506,78.169998,0.553223,3.356019,-0.209710,-1.495791,26.010000,586.000000,-6.863479,2.471905,1.320000,-5.724140
2009-09-30,11.643838,-1.377943,67.646190,1008.000000,83.588320,99.343030,99.293040,87.406300,-0.210000,0.300000,6.000000,,0.150000,7.484376,3.401905,0.956190,6.310000,5.130000,0.123333,9.800000,-226.000000,47.810001,270855.254690,76.650002,9.048499,3.572335,5.915728,18.578642,25.610001,585.000000,-7.797689,2.445714,1.180000,-5.643838
2009-10-31,11.486489,-0.223968,72.769545,1039.699951,81.635930,99.535270,99.800270,87.641900,-0.290000,0.170000,6.000000,,0.120000,6.432683,3.387619,0.949048,6.290000,5.150000,0.074286,10.000000,-185.000000,46.917999,273460.320826,76.300003,-7.322062,-1.976200,3.144836,-4.241201,30.690001,534.000000,-3.334518,2.438571,1.140000,-5.486489
2009-11-30,13.513511,1.914587,76.662000,1181.099976,84.062580,99.733150,100.166300,88.022100,0.060000,0.460000,6.000000,,0.120000,6.104398,3.402632,0.803158,6.320000,5.190000,0.052105,9.900000,-4.000000,46.458000,269968.584923,74.879997,6.812827,5.736406,13.600080,7.209132,24.510000,588.000000,1.450535,2.599474,1.130000,-7.513511
2009-12-31,14.965979,2.814123,74.456364,1095.199951,84.272390,99.934320,100.405300,88.379300,-0.280000,0.650000,6.000000,,0.120000,3.747852,3.590000,0.874545,6.370000,5.260000,0.054545,9.900000,-249.000000,46.400002,265181.731677,77.860001,3.345115,1.777057,-7.272883,-0.192876,21.680000,581.000000,4.301238,2.715455,1.110000,-8.965979
2010-01-31,16.216223,2.621111,76.167368,1083.000000,85.803340,100.136600,100.585500,89.342600,0.160000,0.540000,6.000000,,0.110000,2.276511,3.733158,0.928947,6.250000,5.260000,0.061579,9.800000,-6.000000,46.098000,262903.915108,79.459999,-6.133377,-3.697425,-1.113947,-4.185732,24.620001,614.000000,2.821821,2.804211,0.990000,-10.216223
2010-02-28,14.864858,2.151336,73.752105,1118.300049,86.705400,100.338000,100.760900,89.677900,-0.350000,0.760000,6.000000,,0.130000,2.500210,3.691053,0.856842,6.340000,5.350000,0.108947,9.800000,-96.000000,45.900002,260441.929101,80.360001,0.824449,2.851369,3.259469,0.822974,19.500000,604.000000,3.411942,2.834211,0.990000,-8.864858
2010-03-31,14.864858,2.286171,78.827391,1113.300049,86.647500,100.536500,100.963700,90.292800,0.480000,1.100000,6.000000,,0.160000,1.634790,3.727391,0.958696,6.270000,5.270000,0.150435,9.900000,160.000000,44.799999,261393.478134,81.070000,6.639179,5.879643,-0.447107,8.447444,17.590000,636.000000,7.544152,2.768696,1.000000,-8.864858
2010-04-30,13.333331,2.206771,84.817619,1180.099976,88.029760,100.729900,101.199600,90.599100,0.400000,1.140000,6.000000,,0.200000,1.950877,3.846818,1.060455,6.250000,5.290000,0.162273,9.900000,254.000000,44.250000,261413.685972,81.870003,0.550569,1.475923,6.000173,4.342159,22.049999,687.000000,7.876715,2.786364,0.960000,-7.333331
2010-05-31,13.907298,2.003549,75.945500,1212.199951,85.583400,100.915800,101.477100,91.823000,0.300000,1.420000,6.000000,,0.200000,1.891303,3.420000,0.830500,6.050000,4.960000,0.160000,9.600000,522.000000,46.358002,254636.486323,86.480003,-3.632061,-8.197584,2.720106,-5.133044,32.070000,583.000000,6.069215,2.589500,1.090000,-7.907298
2010-06-30,13.725485,1.121561,74.760909,1245.500000,85.473830,101.090800,101.803900,91.992800,-0.170000,1.450000,6.000000,,0.180000,1.995437,3.204091,0.724545,6.230000,4.880000,0.123636,9.400000,-132.000000,46.400002,256334.199882,86.019997,4.447245,-5.388244,2.747076,1.077551,34.540001,536.000000,4.300975,2.479545,1.350000,-7.725485
2010-07-31,11.250001,1.340778,75.580000,1181.699951,88.688860,101.251000,102.140400,92.342100,0.150000,1.410000,6.000000,,0.180000,2.079518,3.011429,0.616667,6.010000,4.720000,0.157619,9.400000,-95.000000,46.360001,265512.782366,81.540001,1.037178,6.877785,-5.122445,7.357952,23.500000,546.000000,4.178380,2.394762,1.290000,-5.250001
2010-08-31,9.876531,1.150178,77.039545,1248.300049,88.033060,101.391600,102.428300,92.680500,-0.160000,0.890000,6.000000,,0.190000,2.657450,2.698636,0.520455,5.660000,4.490000,0.155000,9.500000,0.000000,46.873001,263145.077920,83.199997,0.648331,-4.744918,5.635957,5.760748,26.049999,599.000000,2.827561,2.178182,1.170000,-3.876531
2010-09-30,9.815939,1.118312,77.840476,1307.800049,88.798970,101.508300,102.609200,92.953700,-0.190000,0.510000,6.000000,,0.190000,3.038432,2.647619,0.480000,5.660000,4.530000,0.151905,9.500000,-74.000000,44.689999,272490.421350,78.720001,11.616139,8.755110,4.766482,15.074889,23.700001,594.000000,6.399132,2.167619,1.130000,-3.815939
2010-10-31,9.696974,1.166695,82.664762,1357.099976,91.138980,101.597300,102.691700,92.690300,-0.120000,0.790000,6.000000,,0.190000,3.304704,2.540000,0.376000,5.720000,4.680000,0.134500,9.400000,279.000000,44.419998,276456.989263,77.269997,-0.203153,3.685599,3.769684,-0.287878,21.200001,543.000000,6.461543,2.164000,1.040000,-3.696974
2010-11-30,8.333341,1.084545,85.274762,1385.000000,89.536690,101.655400,102.660600,92.770900,-0.190000,1.400000,6.000000,,0.190000,3.193613,2.763000,0.454000,5.920000,4.870000,0.143000,9.800000,129.000000,45.799999,270429.763934,81.199997,-2.575735,-0.229025,2.055856,-3.066723,23.540001,545.000000,6.560220,2.309000,1.050000,-2.333341
2010-12-31,9.467460,1.437793,91.446818,1421.099976,91.170190,101.680700,102.484600,93.678700,0.090000,1.520000,6.000000,,0.180000,3.653580,3.290909,0.618182,6.100000,5.020000,0.140909,9.300000,81.000000,44.810001,275276.605506,79.029999,4.636086,6.530004,2.606496,-1.348237,17.750000,539.000000,6.861686,2.672727,1.080000,-3.467460
2011-01-31,9.302314,1.700783,96.523500,1333.800049,92.239470,101.672200,102.237800,93.481400,0.030000,1.430000,6.000000,,0.170000,4.379726,3.394000,0.614500,6.090000,5.040000,0.152000,9.100000,7.000000,45.838001,277726.326615,77.739998,-10.246965,2.264557,-6.143124,-9.749447,19.530001,630.000000,7.461375,2.779500,1.050000,-3.302314
2011-02-28,8.823536,2.124898,103.716316,1409.300049,92.426980,101.630400,101.992900,93.110200,-0.380000,1.490000,6.000000,,0.160000,4.526638,3.576316,0.772632,6.150000,5.220000,0.132105,9.000000,220.000000,45.250000,279878.026863,76.889999,-3.135725,3.195656,5.660519,-1.940447,18.350000,517.000000,8.214559,2.803684,0.930000,-2.823536
2011-03-31,8.823536,2.619242,114.643478,1438.900024,94.704830,101.557100,101.786100,94.078800,0.410000,1.650000,6.000000,,0.140000,5.256057,3.414348,0.697391,6.030000,5.130000,0.100435,9.000000,226.000000,44.610001,282517.257087,75.860001,9.384522,-0.104731,2.100332,12.171137,17.740000,600.000000,6.859592,2.716957,0.900000,-2.823536
2011-04-30,9.411769,3.077234,123.258889,1556.000000,92.845660,101.455900,101.579000,93.774900,-0.480000,1.530000,6.000000,,0.100000,5.614392,3.455000,0.734500,6.020000,5.160000,0.058500,9.100000,314.000000,44.299999,290407.500909,72.930000,-1.444183,2.849538,8.138159,-1.893996,14.750000,554.000000,6.559884,2.720500,0.860000,-3.411769
2011-05-31,8.720920,3.458972,114.989048,1535.900024,90.504120,101.331400,101.304600,93.888000,-0.340000,1.300000,6.000000,,0.090000,5.793937,3.168571,0.555238,5.780000,4.960000,0.040952,9.000000,106.000000,45.083000,287804.873845,74.639999,-4.807373,-1.350095,-1.291772,-4.030913,15.450000,561.000000,7.394092,2.613333,0.820000,-2.720920
2011-06-30,8.620695,3.502318,113.833182,1502.300049,93.747110,101.189900,100.912700,94.172000,0.010000,1.230000,6.000000,,0.090000,6.420881,3.002273,0.410455,5.750000,4.990000,0.037273,9.100000,228.000000,44.759998,291724.459833,74.300003,3.184663,-1.825746,-2.187641,2.030701,16.520000,608.000000,8.389512,2.591818,0.760000,-2.620695
2011-07-31,8.426972,3.579881,116.973500,1628.300049,92.089450,101.038500,100.482700,94.636000,0.170000,1.310000,6.000000,,0.070000,8.156722,3.003000,0.406500,5.760000,4.930000,0.037500,9.000000,61.000000,44.009998,294418.748742,73.900002,-2.928780,-2.147443,8.387139,-3.121486,25.250000,623.000000,8.006053,2.596500,0.830000,-2.426972
2011-08-31,8.988768,3.754996,110.219545,1828.500000,90.649550,100.884500,100.131300,95.274900,0.010000,1.640000,6.000000,,0.100000,9.704301,2.303043,0.230435,5.360000,4.370000,0.024348,9.000000,133.000000,45.939999,294347.978652,74.129997,-8.774170,-5.679111,12.295028,-12.486625,31.620001,585.000000,7.638292,2.072609,0.990000,-2.988768
2011-09-30,10.055867,3.812622,112.833810,1620.400024,91.040170,100.734000,99.958140,95.196100,-0.270000,1.380000,6.000000,,0.080000,9.551883,1.975238,0.211429,5.270000,4.090000,0.013810,9.000000,219.000000,48.860001,283820.533485,78.550003,-1.154769,-7.176199,-11.380912,-0.682876,42.959999,650.000000,7.911602,1.763810,1.180000,-4.055867
2011-10-31,9.392267,3.522268,109.550000,1724.199951,86.542740,100.590500,99.912590,95.856800,0.160000,1.560000,6.000000,,0.070000,9.306145,2.152000,0.280500,5.370000,3.980000,0.019000,8.800000,209.000000,48.627998,290334.824449,76.169998,7.755021,10.772304,6.405821,5.506277,29.959999,610.000000,7.296717,1.871500,1.390000,-3.392267
2011-11-30,9.340661,3.451432,110.768095,1745.500000,95.132750,100.455900,99.941830,95.848500,-0.350000,1.810000,6.000000,,0.080000,9.642735,2.013500,0.253500,5.140000,3.870000,0.014000,8.600000,137.000000,51.903000,280841.440668,78.389999,-9.284540,-0.505872,1.235358,-14.270277,27.799999,711.000000,6.669078,1.760000,1.270000,-3.340661
2011-12-31,6.486482,3.062067,107.870500,1565.800049,93.924160,100.331000,100.011200,96.357100,0.280000,1.730000,6.000000,8.560000,0.070000,9.754964,1.978095,0.257143,5.250000,3.930000,0.011429,8.500000,198.000000,53.000000,271285.421552,80.169998,-4.299418,0.853276,-10.295042,-6.952859,23.400000,694.000000,6.079358,1.720952,1.320000,-0.486482
2012-01-31,5.319162,3.008766,110.686000,1737.800049,92.952300,100.215800,100.049900,96.931800,0.360000,1.970000,6.000000,8.235000,0.080000,10.267827,1.966500,0.240500,5.230000,3.850000,0.034500,8.300000,358.000000,52.493000,267267.941138,79.279999,12.433238,4.358306,10.984800,24.480942,19.440001,723.000000,6.349446,1.726000,1.380000,0.680838
2012-02-29,7.567574,2.898178,119.327000,1709.900024,93.062040,100.110200,99.962140,97.243500,0.000000,1.890000,7.750000,8.192500,0.100000,10.058003,1.967500,0.278000,5.140000,3.850000,0.092000,8.300000,263.000000,49.068001,269029.434978,78.730003,3.576481,4.058946,-1.605480,4.987675,18.430000,704.000000,6.758283,1.689500,1.290000,0.182426
2012-03-31,8.648652,2.582875,125.445455,1669.300049,92.267270,100.013700,99.669570,96.740000,-0.390000,1.940000,9.500000,8.374000,0.130000,9.835590,2.172727,0.344545,5.230000,3.990000,0.084091,8.200000,239.000000,51.338001,268720.680969,78.930000,-1.664755,3.133231,-2.374406,-1.934384,15.500000,695.000000,6.182456,1.828182,1.240000,0.851348
2012-04-30,10.215053,2.273163,119.421667,1663.400024,90.605340,99.925920,99.279370,97.435900,0.060000,1.820000,9.250000,8.587500,0.140000,9.657890,2.052857,0.291905,5.190000,3.960000,0.083810,8.200000,77.000000,52.537998,269568.960011,78.790001,-0.895089,-0.749745,-0.353443,0.627163,17.150000,753.000000,5.164154,1.760952,1.230000,-0.965053
2012-05-31,10.160427,1.737943,110.339524,1562.599976,92.749280,99.846370,98.927560,97.660900,-0.170000,1.730000,9.000000,8.565000,0.160000,9.262390,1.803182,0.285000,5.070000,3.800000,0.089545,8.200000,107.000000,56.228001,261740.343245,83.040001,-6.171697,-6.265073,-6.059880,-8.132879,24.059999,708.000000,5.065972,1.518182,1.270000,-1.160427
2012-06-30,10.052909,1.653870,95.155714,1603.500000,91.551380,99.774170,98.719730,97.666300,-0.320000,1.500000,9.000000,8.204000,0.160000,9.142789,1.622381,0.291905,5.020000,3.640000,0.091429,8.200000,81.000000,56.798000,265327.695400,81.650002,7.202110,3.955498,2.617434,9.529182,17.080000,757.000000,3.278601,1.330476,1.380000,-1.052909
2012-07-31,9.844559,1.417511,102.618571,1610.500000,90.965100,99.707950,98.633440,97.871300,-0.280000,1.470000,9.000000,8.096667,0.160000,7.815543,1.526667,0.248095,4.870000,3.400000,0.097143,8.200000,144.000000,55.423000,265145.838576,82.639999,-0.945271,1.259757,0.436545,0.420174,18.930000,740.000000,3.793928,1.278571,1.470000,-0.844559
2012-08-31,10.309276,1.685935,113.356087,1684.599976,91.213310,99.646290,98.646230,97.452500,-0.450000,1.440000,9.000000,8.196000,0.130000,6.448431,1.678261,0.268696,4.910000,3.480000,0.102609,8.100000,182.000000,55.627998,266324.609283,81.250000,0.564161,1.976337,4.601054,-3.790404,17.469999,754.000000,4.965679,1.409565,1.430000,-1.309276
2012-09-30,9.137057,1.949717,112.863684,1771.099976,89.841030,99.588120,98.742130,97.381000,-0.110000,1.620000,9.000000,8.175000,0.140000,7.062765,1.723158,0.255263,4.840000,3.490000,0.105263,7.800000,178.000000,53.007999,268824.543944,79.940002,8.458682,2.423615,5.134750,14.676946,15.730000,847.000000,4.641329,1.467895,1.350000,-0.137057
2012-10-31,9.595958,2.155678,111.710870,1717.500000,92.141840,99.533140,98.819010,97.719300,-0.260000,1.820000,9.000000,8.147500,0.160000,7.387004,1.746190,0.277143,4.580000,3.470000,0.104762,7.800000,152.000000,53.958000,269208.192227,79.919998,-1.465811,-1.978941,-3.026366,-1.640949,18.600000,915.000000,3.999665,1.469048,1.110000,-0.595958
2012-11-30,9.547737,1.796020,109.058571,1710.900024,91.129280,99.481510,98.735510,98.077700,0.280000,1.370000,9.000000,8.202540,0.160000,7.527629,1.654000,0.268000,4.510000,3.500000,0.093500,7.700000,156.000000,54.838001,268828.831708,80.150002,4.629249,0.284672,-0.384278,7.898802,15.870000,833.000000,4.247539,1.386000,1.010000,-0.547737
2012-12-31,11.167521,1.759505,109.494000,1674.800049,91.372570,99.433560,98.376990,98.310100,0.140000,1.580000,9.000000,8.137500,0.160000,8.263200,1.719000,0.257000,4.630000,3.650000,0.070000,7.900000,249.000000,54.752998,270586.506917,79.769997,0.429433,0.706823,-2.109999,2.593576,18.020000,976.000000,4.455382,1.462000,0.980000,-2.167521
2013-01-31,11.616154,1.684062,112.960000,1660.599976,91.366180,99.389530,97.881840,98.334200,-0.330000,1.710000,9.000000,7.872500,0.140000,7.691441,1.914762,0.265238,4.730000,3.800000,0.074286,8.000000,183.000000,53.303001,270765.032752,79.209999,2.195558,5.042810,-0.847867,1.878665,14.280000,888.000000,4.361716,1.649524,0.930000,-2.616154
2013-02-28,12.060293,2.018140,116.050526,1577.699951,91.151140,99.349660,97.424510,98.794100,0.230000,2.000000,8.750000,7.837500,0.150000,7.316153,1.984211,0.267368,4.850000,3.900000,0.098947,7.700000,289.000000,53.858002,266795.040503,81.980003,-5.662210,1.106065,-4.992173,-9.609639,15.510000,962.000000,4.284367,1.716842,0.950000,-3.310293
2013-03-31,11.442779,1.518747,108.474000,1594.800049,92.902530,99.314300,97.135280,99.192100,-0.260000,1.800000,8.650000,7.910000,0.140000,7.407219,1.957500,0.256000,4.850000,3.930000,0.087000,7.500000,143.000000,54.388000,268506.783358,82.989998,-0.184435,3.598772,1.083862,-1.092502,12.700000,1010.000000,3.181373,1.701500,0.920000,-2.792779
2013-04-30,10.243912,1.138808,102.248182,1472.199951,93.641290,99.283970,96.982140,99.106500,-0.290000,1.710000,8.500000,7.830000,0.150000,7.101547,1.759091,0.232273,4.590000,3.730000,0.060000,7.600000,184.000000,54.228001,272057.711579,81.730003,4.358086,1.808577,-7.687490,10.559016,13.520000,835.000000,3.100953,1.526818,0.860000,-1.743912
2013-05-31,10.679620,1.390389,102.558636,1392.599976,93.184520,99.259220,96.938130,99.183900,0.140000,1.670000,8.250000,7.502000,0.110000,6.980927,1.928182,0.250455,4.730000,3.890000,0.044091,7.500000,223.000000,56.377998,267186.398583,83.379997,0.940103,2.076281,-5.406873,-0.683821,16.299999,930.000000,3.909540,1.677727,0.840000,-2.429620
2013-06-30,11.057685,1.715794,102.919500,1223.800049,90.843380,99.240490,97.012800,99.389700,-0.140000,1.560000,8.250000,7.402150,0.090000,6.802307,2.300000,0.333500,5.190000,4.270000,0.050500,7.500000,183.000000,60.188000,263126.441213,83.169998,-2.401457,-1.499930,-12.121207,-6.880608,16.860001,839.000000,5.161111,1.966500,0.920000,-2.807685
2013-07-31,10.849063,1.885472,107.933182,1312.400024,93.663830,99.227810,97.174300,99.081400,-0.520000,1.540000,9.250000,7.724375,0.090000,6.633580,2.582273,0.340909,5.320000,4.340000,0.035455,7.300000,112.000000,60.807999,259061.293114,81.449997,-1.715111,4.946208,7.239743,-13.785535,13.450000,880.000000,5.281688,2.241364,0.980000,-1.599063
2013-08-31,10.747670,1.538809,111.280455,1396.099976,95.038080,99.220850,97.417570,99.654300,0.300000,1.670000,10.250000,8.328000,0.080000,6.461915,2.737273,0.356364,5.420000,4.540000,0.043636,7.200000,255.000000,67.389999,256039.529816,82.089996,-4.705681,-3.129802,6.377625,-9.650304,17.010000,917.000000,3.844380,2.380909,0.880000,-0.497670
2013-09-30,10.697681,1.094734,111.596500,1326.500000,95.510480,99.218840,97.745650,100.161000,0.100000,1.750000,9.875000,8.602500,0.080000,6.218402,2.809500,0.404000,5.470000,4.640000,0.016000,7.200000,175.000000,62.910000,257753.281060,80.220001,4.815600,2.974952,-4.985315,6.283432,16.600000,850.000000,3.108773,2.405500,0.830000,-0.822681
2013-10-31,11.059900,0.876799,109.076522,1323.599976,93.931290,99.220480,98.069220,100.082000,0.010000,1.390000,9.125000,8.572500,0.090000,6.741868,2.615909,0.335455,5.310000,4.530000,0.047273,7.200000,220.000000,61.320000,262567.821747,80.199997,9.831223,4.459575,-0.218622,19.290790,13.750000,925.000000,3.498166,2.280455,0.780000,-1.934900
2013-11-30,11.467893,1.232870,107.792000,1250.599976,94.502710,99.224430,98.264940,100.315800,0.300000,1.540000,8.750000,8.863040,0.080000,6.115674,2.718421,0.303684,5.380000,4.630000,0.067895,6.900000,276.000000,62.412998,272378.009162,80.680000,-1.953435,2.804947,-5.515262,-2.782148,13.700000,1100.000000,3.215597,2.414737,0.750000,-2.717893
2013-12-31,9.132418,1.512838,110.756667,1201.900024,94.741450,99.229860,98.238300,100.517500,-0.150000,1.500000,8.750000,8.875368,0.090000,5.494034,2.901905,0.340000,5.380000,4.620000,0.066667,6.700000,55.000000,61.779999,276493.267092,80.040001,2.070885,2.356279,-3.894127,2.073701,13.720000,1002.000000,3.420404,2.561905,0.760000,-0.382418
2014-01-31,7.239822,1.557759,108.117727,1240.099976,95.966280,99.236880,98.114380,100.159900,-0.700000,1.850000,8.800000,8.764540,0.070000,5.925905,2.858095,0.393810,5.190000,4.490000,0.043333,6.600000,189.000000,62.310001,273388.159272,81.269997,-3.402602,-3.558291,3.178297,-10.078828,18.410000,888.000000,1.762216,2.464286,0.700000,1.560178
2014-02-28,6.726462,1.120475,108.900526,1321.400024,96.028340,99.245930,98.054390,100.916800,0.440000,1.410000,9.000000,8.812500,0.070000,6.357635,2.709474,0.326842,5.100000,4.450000,0.052632,6.700000,151.000000,62.020000,275731.104856,79.779999,3.078253,4.311703,6.555927,5.147132,14.000000,944.000000,1.862054,2.382632,0.650000,2.273538
2014-03-31,6.696433,1.612695,107.480952,1283.400024,95.873860,99.257130,98.169620,101.894200,0.480000,1.490000,9.000000,8.837500,0.080000,6.130123,2.723333,0.399048,5.060000,4.380000,0.052381,6.700000,273.000000,59.840000,285031.667649,80.099998,6.806650,0.693217,-2.875738,18.368827,13.880000,970.000000,3.694276,2.324286,0.680000,2.303567
2014-04-30,7.079649,2.015125,107.755238,1295.599976,97.412080,99.269610,98.371460,101.992800,0.050000,1.790000,9.000000,8.987500,0.090000,6.280098,2.705238,0.417143,4.900000,4.240000,0.030952,6.200000,313.000000,60.417999,292401.949436,79.489998,-0.116349,0.620079,0.950596,0.893107,13.410000,1043.000000,5.272975,2.288095,0.660000,1.920351
2014-05-31,7.017547,2.166948,109.539091,1245.599976,97.283420,99.282080,98.533290,102.383600,0.120000,1.850000,9.000000,8.752920,0.090000,6.544180,2.559048,0.389048,4.760000,4.160000,0.032381,6.300000,215.000000,58.900002,293860.546002,80.370003,7.967718,2.103028,-3.859216,15.071356,11.400000,1007.000000,4.813648,2.170000,0.600000,1.982453
2014-06-30,6.493511,2.058982,111.795238,1321.800049,98.173920,99.293330,98.565970,102.735000,0.140000,1.950000,9.000000,8.633600,0.100000,6.491456,2.598571,0.452381,4.800000,4.250000,0.035714,6.100000,336.000000,60.037998,298024.446009,79.779999,5.275277,1.905833,6.117540,3.031760,11.570000,911.000000,4.751900,2.146190,0.550000,2.506489
2014-07-31,7.234033,1.974238,106.768182,1281.300049,98.973530,99.302730,98.533110,102.963200,0.300000,1.920000,9.000000,8.655900,0.090000,6.610939,2.542273,0.506364,4.730000,4.160000,0.026364,6.200000,223.000000,60.250000,301131.797117,81.459999,1.444549,-1.507983,-3.064004,0.168605,16.950001,1085.000000,4.341309,2.035909,0.570000,1.765967
2014-08-31,6.751047,1.715098,101.608095,1285.800049,98.135380,99.310250,98.526100,102.768800,-0.230000,1.740000,9.000000,8.560640,0.090000,6.259490,2.420000,0.472381,4.690000,4.080000,0.032857,6.100000,197.000000,60.610001,299915.889184,82.750000,3.018278,3.765530,0.351206,3.096763,12.090000,984.000000,5.293746,1.947619,0.610000,2.248953
2014-09-30,6.302514,1.684051,97.091429,1210.500000,98.955780,99.316570,98.604490,103.064100,0.010000,1.970000,9.000000,8.491150,0.090000,6.049530,2.534286,0.566667,4.800000,4.110000,0.020000,5.900000,294.000000,61.553001,296204.484446,85.940002,0.131371,-1.551384,-5.856280,-2.211828,16.309999,1023.000000,4.912887,1.967619,0.690000,2.697486
2014-10-31,4.979250,1.609542,87.425217,1171.099976,94.477840,99.323040,98.710620,103.076400,0.040000,2.040000,9.000000,8.401880,0.090000,5.523243,2.304091,0.445455,4.690000,3.920000,0.016818,5.700000,235.000000,61.432999,298472.880698,86.879997,4.487249,2.320146,-3.254855,10.737881,14.030000,1074.000000,4.983969,1.858636,0.770000,4.020750
2014-11-30,4.115214,1.231525,79.437895,1175.199951,101.362700,99.331420,98.750850,103.712600,0.270000,1.740000,9.000000,8.186850,0.090000,5.807778,2.325556,0.527222,4.790000,3.920000,0.021667,5.800000,291.000000,61.853001,298852.173530,88.360001,3.196869,2.453359,0.350096,8.613052,13.330000,1001.000000,4.981566,1.798333,0.870000,4.884786
2014-12-31,5.857735,0.653121,62.335000,1183.900024,98.689780,99.343690,98.648980,103.704400,0.060000,2.020000,9.000000,7.955925,0.120000,5.944793,2.207273,0.635455,4.740000,3.790000,0.029091,5.600000,275.000000,63.377998,303454.874927,90.269997,-3.557766,-0.418859,0.740306,1.207243,19.200001,1073.000000,3.687936,1.571818,0.950000,3.142265
2015-01-31,7.172997,-0.229931,47.759500,1278.500000,98.093040,99.361690,98.465720,102.890500,-0.260000,1.700000,8.850000,7.793660,0.110000,6.058864,1.881500,0.551500,4.450000,3.460000,0.027500,5.700000,204.000000,61.796001,310606.516330,94.800003,6.353003,-3.104081,7.990538,5.908745,20.969999,1085.000000,4.044844,1.330000,0.990000,1.677003
2015-02-28,6.302514,-0.087031,58.095500,1212.599976,98.865120,99.387020,98.277920,102.233500,-0.480000,1.700000,8.750000,7.734200,0.110000,6.483995,1.975263,0.618947,4.510000,3.610000,0.017895,5.500000,259.000000,61.754002,319300.488547,95.250000,0.405263,5.489251,-5.154480,-3.876285,13.340000,886.000000,2.491505,1.356316,0.900000,2.447486
2015-03-31,6.276155,-0.022031,55.885455,1183.099976,98.182720,99.420920,98.139150,101.891400,0.010000,1.700000,8.500000,7.820800,0.110000,6.124139,2.042727,0.640455,4.540000,3.640000,0.027727,5.400000,96.000000,62.508999,323824.829169,98.360001,-3.997915,-1.739611,-2.432789,-4.550035,15.290000,960.000000,2.947796,1.402273,0.900000,2.223845
2015-04-30,5.785118,-0.104031,59.524286,1182.400024,98.111690,99.463980,98.045000,101.335500,-0.010000,1.710000,8.500000,7.836967,0.120000,6.002110,1.935000,0.540000,4.480000,3.520000,0.023182,5.400000,273.000000,63.442001,333725.503695,94.599998,-3.645036,0.852082,-0.059162,0.721982,14.550000,1190.000000,2.097071,1.395000,0.960000,2.714882
2015-05-31,5.737699,0.035033,64.075000,1189.400024,98.913910,99.516510,97.987720,100.888300,-0.340000,1.890000,8.500000,7.852180,0.120000,5.640583,2.197500,0.609000,4.890000,3.980000,0.016500,5.600000,342.000000,63.825001,334317.692139,96.910004,3.081958,1.049138,0.592016,2.089914,13.840000,1079.000000,2.724204,1.588500,0.910000,2.762301
2015-06-30,6.097554,0.179572,61.477727,1171.500000,98.985120,99.578640,97.966480,100.571000,-0.140000,1.680000,8.250000,7.805225,0.130000,5.484247,2.363636,0.688636,5.130000,4.190000,0.015000,5.300000,171.000000,63.723999,338106.666367,95.489998,-0.772505,-2.101167,-1.504963,-2.271476,18.230000,1205.000000,2.491429,1.675000,0.940000,2.152446
2015-07-31,4.365109,0.225686,56.561304,1094.900024,100.451500,99.650580,97.960530,101.222800,0.350000,1.840000,8.250000,7.816920,0.130000,5.361041,2.324545,0.667727,5.200000,4.150000,0.032273,5.200000,282.000000,64.117996,336336.736699,97.370003,1.963908,1.974203,-6.538624,2.370730,12.120000,1146.000000,3.238421,1.656818,1.050000,3.884891
2015-08-31,4.347824,0.241304,46.515000,1131.599976,101.429200,99.732350,97.950530,101.036700,-0.280000,1.760000,8.250000,7.785975,0.140000,5.530046,2.167143,0.697619,5.190000,4.040000,0.071905,5.100000,134.000000,66.142998,334620.809169,95.949997,-6.581035,-6.258082,3.351900,-8.453349,28.430000,1130.000000,2.427100,1.469524,1.150000,3.902176
2015-09-30,5.138377,0.008843,47.623182,1115.500000,100.793400,99.823620,97.924480,100.754700,-0.120000,1.780000,8.250000,7.732050,0.140000,5.684472,2.172857,0.713333,5.340000,4.070000,0.022381,5.000000,150.000000,65.919998,333344.798655,96.349998,-0.281007,-2.644283,-1.422762,0.406792,24.500000,1224.000000,2.249709,1.459524,1.270000,3.111623
2015-10-31,6.324155,0.127617,48.430000,1141.500000,103.421800,99.923380,97.887680,100.267500,-0.260000,1.590000,7.750000,7.596900,0.120000,5.452381,2.070000,0.644762,5.340000,3.950000,0.015238,5.000000,304.000000,65.444000,336654.246137,96.949997,1.470643,8.298312,2.330793,0.802721,15.070000,1058.000000,1.572112,1.425238,1.390000,1.425845
2015-11-30,6.719380,0.436318,44.267619,1065.800049,101.627400,100.029800,97.846800,99.529800,-0.360000,1.550000,7.750000,7.745200,0.120000,5.868904,2.263158,0.884737,5.460000,4.060000,0.124737,5.100000,229.000000,66.900002,333851.954005,100.169998,-1.618560,0.050487,-6.631621,0.437347,16.129999,1172.000000,1.660075,1.378421,1.400000,1.030620
2015-12-31,6.324155,0.638725,38.005455,1060.300049,102.134400,100.140300,97.804690,99.041700,-0.300000,1.630000,7.750000,7.791575,0.240000,5.720455,2.242727,0.982727,5.460000,3.970000,0.227727,5.000000,269.000000,66.455002,334310.993025,98.629997,0.139883,-1.753019,-0.516044,-2.915603,18.209999,1146.000000,2.799051,1.260000,1.490000,1.425845
2016-01-31,5.905546,1.237503,30.699500,1116.400024,102.458000,100.250800,97.759240,99.560700,0.090000,1.400000,7.750000,7.668760,0.340000,6.107478,2.085263,0.899474,5.450000,4.000000,0.255263,4.800000,133.000000,68.093002,333077.592174,99.610001,-4.817310,-5.073532,5.290953,-8.271966,20.200001,1092.000000,2.629096,1.185789,1.450000,1.844454
2016-02-29,5.533602,0.847278,32.181500,1233.900024,102.177900,100.357400,97.703500,99.044500,-0.230000,1.720000,7.750000,7.720025,0.380000,5.672325,1.779500,0.733500,5.340000,3.960000,0.312500,4.900000,196.000000,68.730003,330199.405324,98.209999,-7.622082,-0.412836,10.524901,-10.153067,20.549999,1225.000000,3.745560,1.046000,1.380000,2.216398
2016-03-31,5.511775,0.891616,38.210455,1234.199951,103.030500,100.456000,97.629100,98.309600,-0.330000,1.610000,7.750000,7.584775,0.360000,6.116354,1.889091,0.875000,5.130000,3.820000,0.294091,5.000000,256.000000,66.367996,341189.270080,94.589996,10.753467,6.599111,0.024307,15.740622,13.950000,1111.000000,1.893014,1.014091,1.310000,2.238225
2016-04-30,5.859348,1.172626,41.583333,1289.199951,104.287800,100.544200,97.540040,98.642100,-0.100000,1.560000,7.150000,7.436060,0.370000,6.475332,1.805238,0.768095,4.790000,3.620000,0.228095,5.100000,192.000000,66.438004,344140.716169,93.080002,1.439573,0.269940,4.456328,4.047600,15.700000,1163.000000,2.251939,1.037143,1.170000,1.290652
2016-05-31,6.589098,1.078476,46.742381,1214.800049,105.643300,100.619900,97.442990,98.418400,-0.350000,1.430000,7.000000,7.279300,0.370000,6.790680,1.806190,0.816190,4.680000,3.650000,0.274286,4.800000,46.000000,67.133003,342399.070531,95.889999,3.952971,1.532460,-5.771013,4.917536,14.190000,1148.000000,1.741404,0.990000,1.030000,0.410902
2016-06-30,6.130261,1.079287,48.247273,1318.400024,107.006400,100.681900,97.352460,98.883300,0.130000,1.450000,7.000000,7.502625,0.380000,6.934094,1.644091,0.731364,4.530000,3.500000,0.269545,4.900000,247.000000,67.416000,344029.547095,96.139999,1.564318,0.091092,8.528150,1.784811,15.630000,1203.000000,2.805337,0.912727,1.030000,0.869739
2016-07-31,6.463848,0.868363,44.951905,1349.000000,105.690800,100.729000,97.303740,98.999200,0.050000,1.500000,7.000000,7.350920,0.390000,6.996768,1.504000,0.672500,4.220000,3.280000,0.297500,4.800000,373.000000,67.007004,346011.764350,95.529999,4.232150,3.560980,2.320993,5.674533,11.870000,1239.000000,1.775572,0.831500,0.940000,0.536152
2016-08-31,5.302996,1.055316,45.843043,1306.900024,104.889600,100.760700,97.359500,98.850000,-0.220000,1.540000,7.000000,7.141850,0.400000,7.296896,1.556522,0.737391,4.240000,3.320000,0.297391,4.900000,141.000000,67.126602,346250.456122,96.019997,1.709790,-0.121924,-3.120828,4.402694,13.420000,1171.000000,1.832526,0.819130,0.920000,1.697004
2016-09-30,4.135296,1.548645,46.567727,1313.300049,105.728500,100.777600,97.574460,98.745700,-0.090000,1.360000,7.000000,6.864380,0.400000,7.251579,1.630476,0.770952,4.310000,3.410000,0.291905,5.000000,306.000000,66.816299,351667.292320,95.459999,-1.992327,-0.123445,0.489710,-2.536439,13.290000,1068.000000,2.998406,0.859524,0.900000,2.864704
2016-10-31,3.345646,1.685925,49.522381,1271.500000,108.241500,100.781800,97.855650,98.761100,-0.070000,1.270000,6.750000,6.784525,0.400000,7.401106,1.764500,0.843000,4.380000,3.510000,0.326500,4.900000,98.000000,66.781403,346822.998356,98.449997,0.311800,-1.942568,-3.182825,1.401304,17.059999,1313.000000,3.454352,0.921500,0.870000,3.404354
2016-11-30,2.592575,1.684333,44.734091,1170.800049,106.264700,100.776800,98.083430,98.349100,-0.220000,1.700000,6.750000,6.613000,0.410000,7.201429,2.142000,0.979500,4.710000,3.860000,0.446000,4.700000,118.000000,68.608002,341975.717394,101.500000,-4.786988,3.417452,-7.919776,-4.746123,13.330000,1140.000000,3.086284,1.162500,0.850000,4.157425
2016-12-31,2.230398,2.050799,53.308500,1150.000000,104.898700,100.766900,98.166390,99.021400,0.390000,1.620000,6.750000,6.528120,0.540000,6.948716,2.491905,1.196667,4.830000,4.060000,0.505238,4.700000,225.000000,67.932999,341145.194692,102.389999,-0.470548,1.820076,-1.776567,-2.418970,14.040000,1252.000000,3.880140,1.295238,0.770000,4.519602
2017-01-31,1.858682,2.510393,54.576667,1208.599976,105.758100,100.757100,98.149540,98.761100,-0.120000,1.730000,6.750000,6.791800,0.650000,6.371445,2.432500,1.206500,4.660000,3.920000,0.511500,4.700000,220.000000,67.820999,344544.924772,99.510002,4.587212,1.788436,5.095650,7.360601,11.990000,1190.000000,5.676435,1.226000,0.740000,4.891318
2017-02-28,2.621706,2.810362,54.869500,1252.599976,107.055300,100.752300,98.089390,98.364600,-0.090000,1.580000,6.750000,6.979400,0.660000,6.291719,2.418947,1.201053,4.640000,3.950000,0.521053,4.600000,218.000000,66.693199,345181.175900,101.120003,3.717891,3.719816,3.640576,5.596158,12.920000,1271.000000,4.776842,1.217895,0.690000,4.128294
2017-03-31,2.611924,2.441196,51.589130,1247.300049,107.444300,100.756400,98.028750,99.013700,0.020000,1.730000,6.750000,7.117560,0.790000,6.348817,2.481739,1.313043,4.680000,4.010000,0.737391,4.400000,124.000000,64.790001,350923.607640,100.349998,3.312654,-0.038920,-0.423114,4.061194,12.370000,1190.000000,4.937808,1.168696,0.670000,4.138076
2017-04-30,2.214036,2.176223,52.307895,1266.099976,108.013700,100.771200,98.014930,100.022400,0.340000,1.590000,6.500000,7.164850,0.900000,6.127884,2.297368,1.241053,4.570000,3.870000,0.798421,4.400000,205.000000,64.059998,353698.265301,99.050003,1.420355,0.909121,1.507250,4.262703,10.820000,1146.000000,4.731978,1.056316,0.700000,4.285964
2017-05-31,1.090916,1.856343,50.326522,1272.000000,108.272900,100.797700,98.118340,100.140800,0.020000,1.420000,6.500000,7.114400,0.910000,5.979072,2.303636,1.301818,4.550000,3.850000,0.889091,4.400000,205.000000,64.618599,360819.689698,96.919998,3.409270,1.157625,0.466000,4.770281,10.410000,1157.000000,3.875283,1.001818,0.700000,5.409084
2017-06-30,1.083039,1.640566,46.368182,1240.699951,106.703500,100.835800,98.404310,100.347100,0.160000,1.520000,6.500000,6.583020,1.040000,5.649884,2.186818,1.342273,4.370000,3.680000,0.982727,4.300000,203.000000,64.785103,366986.761984,95.660004,-1.043000,0.481378,-2.460696,-0.911863,11.180000,1249.000000,3.307813,0.844545,0.690000,5.416961
2017-07-31,1.785756,1.725107,48.478571,1266.599976,106.910900,100.885000,98.787700,100.106800,-0.160000,1.430000,6.500000,6.549050,1.150000,5.646991,2.318000,1.372500,4.390000,3.700000,1.067000,4.300000,189.000000,64.123497,374514.735003,92.860001,5.841876,1.934883,2.087533,8.153183,10.260000,1206.000000,3.401595,0.945500,0.690000,4.714244
2017-08-31,2.518064,1.928122,51.704348,1316.199951,110.030200,100.944700,99.166940,99.692500,0.010000,1.390000,6.250000,6.602500,1.160000,5.417135,2.209130,1.335217,4.310000,3.630000,1.014348,4.400000,147.000000,63.976200,377934.660329,92.669998,-1.579812,0.054643,3.915994,-3.128036,10.590000,1159.000000,3.572429,0.873913,0.680000,3.731936
2017-09-30,2.888135,2.180565,56.152857,1281.500000,110.555600,101.013600,99.460680,99.795400,0.180000,1.200000,6.250000,6.723840,1.150000,5.301493,2.202000,1.384500,4.300000,3.630000,1.029500,4.300000,89.000000,65.360001,379771.135768,93.080002,-1.303711,1.930298,-2.636374,-1.091353,9.510000,1181.000000,5.003355,0.817500,0.670000,3.361865
2017-10-31,3.237430,2.020758,57.507727,1267.000000,110.081400,101.089800,99.648570,101.024700,0.540000,1.590000,6.250000,6.943950,1.150000,5.164509,2.360000,1.549524,4.320000,3.600000,1.074762,4.200000,141.000000,64.842400,379329.743480,94.550003,5.585071,2.218814,-1.131487,4.017582,10.180000,1257.000000,4.904737,0.810476,0.720000,3.012570
2017-11-30,3.971174,2.172494,62.714091,1273.199951,115.104000,101.171200,99.687560,101.266400,0.230000,1.450000,6.250000,7.165750,1.160000,4.826568,2.353333,1.696667,4.270000,3.570000,1.229524,4.200000,223.000000,64.414803,382005.683329,93.010002,-1.052219,2.808263,0.489341,1.251234,11.280000,1273.000000,5.961110,0.656667,0.700000,2.278826
2017-12-31,4.000057,2.129931,64.373684,1306.300049,112.798400,101.255200,99.534000,101.464400,0.200000,1.480000,6.250000,7.350760,1.300000,4.913690,2.402500,1.844000,4.220000,3.510000,1.322000,4.100000,151.000000,64.061996,389350.147912,92.120003,2.974125,0.983163,2.599756,0.817330,11.040000,1177.000000,5.286465,0.558500,0.710000,2.249943
2018-01-31,5.109552,2.151319,69.077273,1339.000000,113.241700,101.339000,99.314680,101.462500,-0.230000,1.550000,6.250000,7.219725,1.410000,4.397229,2.583810,2.031905,4.260000,3.550000,1.413333,4.000000,137.000000,63.769901,401550.065968,89.129997,4.719534,5.617870,2.503250,7.204540,13.540000,1299.000000,3.660973,0.551905,0.710000,1.140448
2018-02-28,4.744522,2.263469,65.317500,1315.500000,114.381700,101.419900,99.186350,101.708500,0.470000,1.660000,6.250000,7.571275,1.420000,4.147314,2.858947,2.175263,4.510000,3.820000,1.567895,4.100000,394.000000,64.910004,400132.903901,90.610001,-4.850065,-3.894737,-1.755041,-8.298370,19.850000,1277.000000,4.253216,0.683684,0.690000,1.505478
2018-03-31,4.363664,2.330950,66.016667,1322.800049,113.140900,101.496100,99.261020,102.206700,0.100000,1.690000,6.250000,7.608060,1.510000,4.094345,2.842381,2.275714,4.640000,3.870000,1.696667,4.000000,226.000000,65.029999,403750.660782,90.150002,-3.613407,-2.688450,0.554926,-3.361761,19.969999,1318.000000,4.407407,0.566667,0.770000,1.886336
2018-04-30,3.971174,2.470996,72.106000,1316.199951,112.721600,101.566700,99.440290,103.332900,0.390000,1.590000,6.250000,7.547875,1.690000,3.795332,2.869048,2.384286,4.670000,3.850000,1.757619,4.000000,140.000000,66.610001,399532.823214,91.839996,6.186157,0.271877,-0.498949,5.227016,15.930000,1276.000000,4.057377,0.484762,0.820000,2.278826
2018-05-31,3.956891,2.781922,76.975238,1300.099976,112.485100,101.631300,99.592670,102.402400,-0.140000,1.570000,6.250000,7.846075,1.700000,3.804917,2.977727,2.511818,4.830000,4.000000,1.864091,3.800000,322.000000,67.430000,391849.998358,93.989998,-0.029790,2.160834,-1.223217,5.579754,15.430000,1357.000000,6.311345,0.465909,0.830000,2.293109
2018-06-30,3.928532,2.807551,74.404762,1251.300049,114.780600,101.690100,99.626370,103.198000,0.210000,1.550000,6.450000,7.935740,1.820000,4.081482,2.912381,2.533333,4.830000,3.960000,1.899048,4.000000,218.000000,68.796700,385400.077511,94.629997,-0.203523,0.484244,-3.753552,-2.196159,16.090000,1192.000000,5.395911,0.379048,0.870000,2.521468
2018-07-31,5.614035,2.854125,74.254091,1223.699951,113.573100,101.743200,99.588890,103.364600,0.050000,1.360000,6.500000,7.800625,1.910000,3.890648,2.889048,2.606667,4.790000,3.870000,1.957143,3.800000,60.000000,68.684998,383776.895972,94.489998,5.993861,3.602156,-2.205714,5.310049,12.830000,1208.000000,6.031749,0.282381,0.920000,0.885965
2018-08-31,5.614035,2.642924,72.528261,1200.300049,115.380200,101.790600,99.549320,104.032700,0.300000,1.460000,6.750000,7.824580,1.910000,3.792756,2.889130,2.635652,4.770000,3.880000,2.033913,3.800000,257.000000,71.404999,380573.739903,95.139999,2.852992,3.026321,-1.912225,1.071883,12.860000,1288.000000,5.884941,0.253478,0.890000,1.135965
2018-09-30,5.614035,2.332055,78.891000,1191.500000,116.272800,101.831700,99.551860,104.100400,0.020000,1.250000,6.750000,8.019075,1.950000,3.672294,3.004211,2.767895,4.880000,3.980000,2.126316,3.700000,81.000000,72.949997,380813.069454,95.190002,-6.421384,0.429429,-0.733154,-10.483663,12.120000,1250.000000,3.317680,0.236316,0.900000,1.135965
2018-10-31,5.226513,2.492032,81.032174,1212.300049,119.160600,101.866100,99.571340,103.985600,-0.210000,1.310000,6.750000,7.924850,2.190000,3.311824,3.152273,2.860909,5.070000,4.140000,2.249091,3.800000,169.000000,73.650002,371888.806088,97.129997,-4.975555,-6.940336,1.745703,0.132958,21.230000,1221.000000,4.265638,0.291364,0.930000,1.523487
2018-11-30,4.861077,2.147329,64.748182,1220.199951,115.290400,101.892400,99.552710,104.068100,0.010000,1.000000,6.750000,7.784620,2.200000,3.210681,3.117000,2.859000,5.220000,4.220000,2.326500,3.800000,90.000000,69.919998,373187.968981,97.269997,4.719065,1.785936,0.651646,6.797132,18.070000,1181.000000,3.722848,0.258000,1.000000,1.888923
2018-12-31,5.244786,2.002381,57.362353,1278.300049,115.451900,101.909700,99.433530,104.093600,-0.130000,0.990000,6.750000,7.373350,2.270000,3.653316,2.832632,2.676316,5.130000,4.020000,2.365789,3.900000,192.000000,69.922501,374425.187184,96.169998,-0.130555,-9.177689,4.761523,1.106541,25.420000,1095.000000,1.142920,0.156316,1.110000,1.505214
2019-01-31,6.597137,1.487589,59.409545,1319.699951,114.727000,101.916600,99.204660,103.402100,-0.360000,1.000000,6.750000,7.347350,2.400000,4.035168,2.713810,2.543333,5.120000,3.930000,2.374286,4.000000,251.000000,71.120003,378006.428711,95.580002,-0.290904,7.868440,3.238669,0.497977,16.570000,1226.000000,1.874894,0.170476,1.190000,0.152863
2019-02-28,6.968623,1.518862,63.960500,1312.800049,114.489900,101.911700,98.819340,102.837100,-0.410000,1.100000,6.562500,7.431200,2.400000,4.011558,2.676316,2.504211,4.950000,3.790000,2.388421,3.800000,7.000000,71.190002,379583.834240,96.160004,-0.355003,2.972889,-0.522839,-1.852136,14.780000,1121.000000,1.594939,0.172105,1.160000,-0.406123
2019-03-31,7.665521,1.883186,66.138571,1293.000000,116.268800,101.893000,98.212140,102.875700,-0.100000,1.200000,6.500000,7.413660,2.410000,3.906166,2.570952,2.409524,4.840000,3.770000,2.402381,3.800000,228.000000,69.500000,390267.677763,97.279999,7.204077,1.792426,-1.508230,13.552307,13.710000,1191.000000,3.136064,0.161429,1.070000,-1.165521
2019-04-30,8.333288,2.000583,71.233333,1282.800049,116.125900,101.857900,97.474180,102.274000,-0.510000,1.400000,6.250000,7.421075,2.420000,3.976778,2.532381,2.344762,4.700000,3.690000,2.382857,3.700000,296.000000,69.811798,396238.176684,97.480003,1.539761,3.931350,-0.788859,-2.155615,13.120000,1272.000000,3.137225,0.187619,1.010000,-2.083288
2019-05-31,8.650538,1.795911,71.317727,1305.800049,117.852200,101.803700,96.704350,102.392000,0.020000,1.380000,6.250000,7.327100,2.390000,4.268544,2.395000,2.206364,4.630000,3.670000,2.352727,3.600000,27.000000,69.980003,399309.608326,97.750000,1.486612,-6.577773,1.792953,5.411085,18.709999,1293.000000,2.597975,0.188636,0.960000,-2.400538
2019-06-30,8.591089,1.671195,64.220500,1409.699951,116.797200,101.728200,95.991170,102.437500,0.040000,1.110000,6.000000,6.968050,2.380000,4.674735,2.074000,1.814000,4.460000,3.420000,2.170500,3.600000,220.000000,69.324997,405936.770213,96.129997,-1.123479,6.893016,7.956800,-0.861186,15.080000,1243.000000,3.064492,0.260000,1.040000,-2.591089
2019-07-31,5.980012,1.826331,63.919130,1426.099976,118.547400,101.630000,95.426550,101.940800,-0.360000,1.300000,6.000000,6.597725,2.400000,5.015136,2.059091,1.835000,4.280000,3.290000,2.098636,3.700000,99.000000,69.077499,403714.736546,98.519997,-5.690543,1.312815,1.163370,-7.166647,16.120001,1240.000000,3.234160,0.224091,0.990000,0.019988
2019-08-31,6.312211,1.737641,59.041818,1519.099976,114.054300,101.508700,95.146960,102.639000,0.170000,1.320000,5.720000,6.619120,2.130000,5.237211,1.626364,1.571364,3.870000,2.980000,1.949545,3.600000,232.000000,71.680199,401408.385720,98.919998,-0.852222,-1.809163,6.521282,-5.015063,18.980000,1375.000000,3.873988,0.055000,0.890000,-0.592211
2019-09-30,6.976696,1.684498,62.826667,1465.699951,111.000800,101.364200,95.225950,102.291700,-0.430000,1.500000,5.650000,6.813350,2.040000,5.672873,1.699500,1.648000,3.910000,3.030000,1.894500,3.500000,196.000000,70.498703,407452.453119,99.379997,4.093168,1.718118,-3.515241,6.108028,16.240000,1311.000000,3.616429,0.051500,0.880000,-1.326696
2019-10-31,7.615880,1.733974,59.713043,1511.400024,111.206800,101.197400,95.281750,101.428100,-0.780000,1.410000,5.400000,6.541800,1.830000,6.532589,1.706818,1.551364,3.920000,3.010000,1.646818,3.600000,95.000000,70.989998,418505.121882,97.349998,3.512151,2.043177,3.117969,3.309261,13.220000,1325.000000,2.866950,0.155455,0.910000,-2.215880
2019-11-30,8.609263,2.092290,63.211905,1465.599976,117.999900,101.009300,94.776280,101.937200,0.200000,1.380000,5.400000,6.634980,1.550000,7.135807,1.812105,1.612632,3.940000,3.060000,1.542105,3.600000,207.000000,71.547401,424853.307690,98.269997,1.503686,3.404704,-3.030306,6.252359,12.620000,1353.000000,3.079258,0.199474,0.880000,-3.209263
2019-12-31,9.634547,2.319527,67.217143,1519.500000,115.456600,100.801000,93.337370,101.700300,-0.350000,1.480000,5.400000,6.848575,1.550000,6.706229,1.862857,1.613333,3.880000,3.010000,1.535238,3.600000,127.000000,71.310997,432378.384524,96.389999,0.932315,2.858982,3.677676,0.674734,13.780000,1548.000000,5.469697,0.249524,0.870000,-4.234547
2020-01-31,7.491932,2.599768,63.645455,1582.900024,117.092500,100.573700,91.642260,101.033800,-0.250000,1.570000,5.400000,6.821800,1.550000,6.714577,1.757619,1.519048,3.770000,2.940000,1.522381,3.600000,237.000000,71.639999,442647.713931,97.389999,-1.695784,-0.162809,4.172427,-4.129299,18.840000,1581.000000,5.032012,0.238571,0.830000,-2.091932
2020-02-29,6.840434,2.341317,55.657000,1564.099976,116.476300,100.329300,90.672350,101.373500,0.070000,1.720000,5.400000,6.659650,1.580000,6.827190,1.504211,1.331053,3.610000,2.780000,1.515263,3.500000,262.000000,71.930000,451702.905468,98.129997,-6.356322,-8.411048,-1.187697,-5.469518,40.110001,1549.000000,4.794906,0.173158,0.830000,-1.440434
2020-03-31,5.501594,1.494040,32.011364,1583.400024,94.195920,98.399970,91.224160,97.407800,-4.370000,1.720000,5.210000,6.701575,0.650000,10.139858,0.870000,0.448182,4.290000,3.020000,0.286364,4.400000,-1398.000000,75.400002,447527.444120,99.050003,-23.246368,-12.511928,1.233940,-34.319482,53.540001,1266.000000,-6.202383,0.421818,1.270000,-0.291594
2020-04-30,5.448694,0.313047,18.378500,1684.199951,49.610620,88.659660,92.695080,84.561900,-18.270000,1.720000,4.650000,6.765150,0.050000,16.874271,0.657619,0.224762,4.130000,2.430000,0.138095,14.800000,-20469.000000,75.258499,449107.995966,99.019997,14.680008,12.684404,6.366043,12.486943,34.150002,936.000000,-19.688871,0.432857,1.700000,-0.798694
2020-05-31,5.095542,0.198201,29.378947,1736.900024,79.076810,83.905430,94.379670,85.960400,4.750000,1.720000,4.490000,5.915440,0.050000,21.856073,0.674000,0.170500,3.950000,2.500000,0.127500,13.200000,2614.000000,75.959999,460963.536941,98.339996,-2.835734,4.528182,3.129086,-10.389146,27.510000,1039.000000,-5.209008,0.503500,1.450000,-0.605542
2020-06-30,5.063294,0.716656,40.266818,1793.000000,97.291530,88.117530,95.846940,91.593400,6.310000,,4.250000,5.855100,0.080000,22.805536,0.728636,0.185000,3.640000,2.440000,0.159545,11.000000,4631.000000,75.699997,472094.307418,97.389999,7.534209,1.838840,3.229891,10.741951,30.430000,1266.000000,2.530821,0.543636,1.200000,-0.813294
2020-07-31,5.329131,0.996865,43.242174,1962.800049,105.683200,92.334650,97.103820,95.025600,2.640000,,4.250000,5.814520,0.090000,23.171256,0.623636,0.148182,3.310000,2.140000,0.126818,10.200000,1584.000000,74.989998,497249.262551,93.489998,7.487314,5.510132,9.470164,1.262975,24.459999,1526.000000,3.381124,0.475455,1.170000,-1.079131
2020-08-31,5.625035,1.281070,44.736000,1967.599976,106.158300,96.481380,98.220020,95.954900,1.260000,,4.250000,6.010500,0.100000,22.936227,0.650000,0.139524,3.270000,2.250000,0.104286,8.400000,1566.000000,73.128304,505303.565479,92.139999,2.836061,7.006467,0.244545,9.770310,26.410000,1396.000000,3.545724,0.510476,1.020000,-1.375035
2020-09-30,5.636615,1.391023,40.909545,1887.500000,112.184600,97.750910,99.163230,95.966900,0.500000,,4.250000,6.024675,0.090000,23.677502,0.679524,0.134762,3.360000,2.310000,0.108571,7.800000,949.000000,73.845001,508526.945423,93.889999,-1.228981,-3.922797,-4.070948,-9.693173,26.370001,1473.000000,6.287283,0.544762,1.050000,-1.386615
2020-10-31,5.902145,1.230386,40.189545,1877.400024,116.368100,98.694880,99.774960,96.739400,1.010000,,4.250000,5.944840,0.090000,23.596955,0.787143,0.149524,3.440000,2.350000,0.100476,6.900000,690.000000,74.264000,523969.558523,94.040001,3.510548,-2.766579,-0.535098,11.416761,38.020000,1543.000000,5.574486,0.637619,1.090000,-1.652145
2020-11-30,5.284761,1.175745,42.692381,1775.699951,116.110800,98.642880,99.709410,97.081600,0.280000,,2.250000,5.895200,0.090000,24.220685,0.870000,0.165789,3.300000,2.300000,0.091053,6.700000,273.000000,73.940903,539921.508599,91.870003,11.394126,10.754564,-5.417070,23.882574,20.570000,1543.000000,3.836139,0.704211,1.000000,-3.034761
2020-12-31,3.686607,1.320419,49.993636,1893.099976,117.465300,98.621120,98.703860,98.363000,0.680000,,4.250000,5.892900,0.090000,24.666801,0.933636,0.135909,3.160000,2.260000,0.087273,6.700000,-185.000000,73.134003,549086.868075,89.940002,7.809420,3.712146,6.611479,5.589506,22.750000,1614.000000,4.396878,0.797727,0.900000,0.563393
2021-01-31,3.162903,1.373844,54.774000,1847.300049,116.757600,98.620120,97.526180,98.882200,0.860000,,4.250000,5.941620,0.090000,25.573068,1.081053,0.131053,3.240000,2.450000,0.083684,6.400000,315.000000,72.938797,554103.798782,90.580002,-2.482882,-1.113666,-2.419308,-2.234359,33.090000,1630.000000,8.563264,0.950000,0.790000,1.087097
2021-02-28,4.494454,1.669817,62.276500,1728.099976,116.609000,98.793170,97.258360,95.614900,-1.840000,,4.250000,6.193500,0.080000,26.657246,1.257895,0.115263,3.420000,2.700000,0.042632,6.200000,517.000000,73.150902,549399.409663,90.930000,6.560888,2.609145,-6.452664,13.865633,27.950001,1404.000000,5.736324,1.142632,0.720000,-0.244454
2021-03-31,5.665686,2.667819,65.410000,1713.800049,116.704600,96.967630,98.751980,98.385600,2.400000,,4.250000,6.350775,0.070000,23.875726,1.610870,0.146957,3.740000,3.040000,0.031304,6.100000,852.000000,73.445297,543284.105579,93.230003,1.111901,4.243863,-0.827494,-4.309040,19.400000,1696.000000,28.881074,1.463913,0.700000,-1.415686
2021-04-30,5.139898,4.133077,64.806500,1767.300049,115.891900,95.147060,101.174000,98.558700,0.120000,,4.250000,6.280100,0.070000,18.486305,1.635000,0.163182,3.600000,2.900000,0.020909,6.100000,355.000000,74.105797,552737.345147,91.279999,-0.405703,5.242532,3.121718,-1.567684,18.610001,1495.000000,51.849996,1.471818,0.700000,-0.889898
2021-05-31,5.257642,4.918257,68.534211,1902.500000,101.103200,93.310560,103.453100,99.433300,0.220000,,4.250000,6.225375,0.060000,14.371813,1.621000,0.155000,3.620000,2.960000,0.018000,5.800000,478.000000,72.393501,560787.725898,90.029999,6.504639,0.548649,7.650085,8.373086,16.760000,1589.000000,26.509200,1.466000,0.660000,-1.007642
2021-06-30,5.577861,5.295633,73.164091,1770.800049,110.954900,95.230740,104.798400,99.798700,0.330000,,4.250000,6.267675,0.080000,12.797205,1.519091,0.202727,3.440000,2.790000,0.035909,5.900000,755.000000,74.287598,575510.579221,92.440002,0.890085,2.221401,-6.922468,-2.123607,15.830000,1650.000000,18.128400,1.316364,0.650000,-1.327861
2021-07-31,5.263891,5.245169,75.165909,1812.599976,117.843600,97.078740,105.360000,100.251900,0.750000,,4.250000,6.208420,0.100000,12.680236,1.318571,0.219524,3.240000,2.570000,0.052381,5.400000,942.000000,74.251999,582672.086473,92.169998,0.264287,2.274805,2.360511,-0.540230,18.240000,1597.000000,14.347791,1.099048,0.670000,-1.013891
2021-08-31,4.811459,5.152015,70.747143,1815.000000,119.632600,98.819980,105.304100,100.043700,-0.040000,,4.250000,6.280325,0.090000,13.267342,1.283182,0.217273,3.240000,2.550000,0.054545,5.100000,552.000000,73.411201,603136.242827,92.629997,8.685815,2.899042,0.132408,5.321054,16.480000,1594.000000,14.093286,1.065909,0.690000,-0.561459
2021-09-30,4.403007,5.351216,74.488636,1755.300049,117.324500,98.862370,104.671300,98.857900,-0.140000,,4.250000,6.188300,0.080000,12.753371,1.374762,0.240952,3.230000,2.530000,0.041905,4.700000,457.000000,74.321999,598057.121007,94.250000,2.836479,-4.756917,-3.289254,2.746770,23.139999,1577.000000,12.630472,1.133810,0.700000,-0.153007
2021-10-31,4.518826,6.235042,83.538095,1783.000000,121.342700,98.905200,103.852500,100.186100,0.930000,,4.250000,6.359780,0.080000,12.695252,1.582500,0.392500,3.350000,2.680000,0.052000,4.500000,801.000000,74.797203,602272.925341,94.120003,0.303664,6.914384,1.578075,4.517022,16.260000,1579.000000,14.738812,1.190000,0.670000,-0.268826
2021-11-30,4.837359,6.901970,81.050000,1773.599976,116.987700,98.946960,103.255500,100.865400,0.650000,,4.250000,6.354375,0.080000,12.233262,1.559500,0.508000,3.280000,2.620000,0.051500,4.100000,658.000000,75.054901,599403.730377,95.989998,-3.895794,-0.833371,-0.527203,-8.744085,27.190001,1705.000000,17.030533,1.051500,0.660000,-0.587359
2021-12-31,5.555543,7.174340,74.170476,1827.500000,118.586300,98.987240,103.158000,100.572600,0.170000,,4.250000,6.440320,0.080000,12.147095,1.465000,0.680000,3.300000,2.650000,0.060000,3.900000,586.000000,74.431198,594356.484009,95.669998,2.183638,4.361291,3.039018,-0.598409,17.219999,1722.000000,15.112859,0.785000,0.650000,-1.305543
2022-01-31,5.837608,7.558806,86.505238,1795.000000,119.009900,99.027520,103.338100,100.185600,-0.040000,,4.250000,6.643025,0.080000,11.455460,1.764000,0.980500,3.580000,2.930000,0.149500,4.000000,190.000000,75.039001,591020.180020,96.540001,-0.081832,-5.258517,-1.778386,7.028001,24.830000,1702.000000,12.924736,0.783500,0.650000,-1.587608
2022-02-28,5.042049,7.937279,97.129000,1899.400024,117.988700,99.070450,103.508500,100.806400,0.390000,,4.250000,6.750475,0.080000,10.619924,1.934211,1.435263,3.970000,3.250000,0.325789,3.900000,819.000000,75.068001,590657.717954,96.709999,-3.148523,-3.136049,5.816157,-4.661054,30.150000,1735.000000,17.106174,0.498947,0.720000,-0.792049
2022-03-31,5.351198,8.572205,117.245217,1949.199951,119.245600,99.119170,103.471600,101.390700,0.420000,,4.250000,6.819825,0.200000,9.558638,2.127826,1.909565,4.290000,3.430000,0.443478,3.700000,490.000000,75.827797,564868.349642,98.309998,3.994603,3.577329,2.621877,0.464857,20.559999,1712.000000,7.860751,0.218261,0.860000,-1.101198
2022-04-30,6.328001,8.231751,104.575263,1909.300049,123.886300,99.176570,103.286000,101.440000,0.000000,,4.250000,7.105800,0.330000,7.882015,2.747500,2.538000,4.660000,3.760000,0.763000,3.700000,308.000000,76.588997,554647.525572,102.959999,-2.073887,-8.795671,-2.046989,-0.784779,33.400002,1820.000000,8.413182,0.209500,0.900000,-2.078001
2022-05-31,6.965109,8.538171,113.337619,1842.699951,120.857100,99.244960,103.050600,101.333500,-0.420000,,4.650000,7.385650,0.770000,6.189568,2.898095,2.616667,5.120000,4.130000,0.983333,3.600000,301.000000,77.520897,562226.718595,101.750000,-3.028788,0.005318,-3.488194,-1.664682,26.190001,1531.000000,9.014806,0.281429,0.990000,-2.315109
2022-06-30,6.162695,8.979361,122.710952,1804.099976,125.166500,99.325780,102.838600,101.018000,-0.250000,,5.030000,7.529625,1.210000,5.744614,3.143333,2.998095,5.270000,4.240000,1.494762,3.600000,434.000000,78.898300,548773.984866,104.690002,-4.849699,-8.392000,-2.094751,-5.811341,28.709999,1551.000000,8.850887,0.145238,1.030000,-1.132695
2022-07-31,5.781763,8.462577,111.925714,1762.900024,120.576100,99.419200,102.681000,101.223000,0.200000,,5.150000,7.402060,1.680000,4.948582,2.896000,3.036000,5.210000,4.060000,2.232500,3.500000,714.000000,79.571503,534690.412999,105.900002,8.732435,9.111639,-2.283684,12.165388,21.330000,1381.000000,9.593116,-0.140000,1.150000,-0.631763
2022-08-31,5.853678,8.222579,100.446364,1712.800049,118.469500,99.524770,102.610000,101.096300,0.040000,,5.650000,7.274750,2.330000,3.872918,2.897826,3.250000,5.150000,4.070000,2.630870,3.600000,290.000000,79.682297,520844.755866,108.699997,3.502984,-4.244013,-2.841907,5.455523,25.870001,1531.000000,9.583788,-0.352174,1.080000,-0.203678
2022-09-30,6.488255,8.192107,89.764762,1662.400024,121.359600,99.642040,102.649400,101.291800,0.000000,,5.750000,7.280374,2.560000,2.647039,3.519048,3.856667,5.690000,4.590000,3.126667,3.500000,220.000000,81.480598,495189.249605,112.120003,-3.744242,-9.339567,-2.942552,-2.288503,31.620001,1488.000000,8.559207,-0.337619,1.100000,-0.738255
2022-10-31,6.084886,7.758814,93.331905,1635.900024,116.350600,99.771020,102.716900,101.252900,0.040000,,6.150000,7.464925,3.080000,1.406841,3.983500,4.375000,6.260000,5.100000,3.717000,3.600000,357.000000,82.239197,496564.013946,111.529999,5.369316,7.986341,-1.594081,6.926777,25.879999,1435.000000,8.098963,-0.391500,1.160000,0.065114
2022-11-30,5.409730,7.122856,91.415455,1746.000000,125.813200,99.911830,102.711300,100.955200,-0.600000,,6.150000,7.357575,3.780000,0.331335,3.891000,4.503500,6.070000,4.900000,4.151500,3.600000,303.000000,81.630898,513369.416042,105.949997,4.142472,5.375289,6.730239,4.655527,20.580000,1424.000000,5.534556,-0.612500,1.170000,0.740270
2022-12-31,5.502361,6.404600,80.924000,1819.699951,124.910800,100.064200,102.570400,99.766400,-0.460000,,6.430000,7.294160,4.100000,-1.058900,3.616190,4.288571,5.590000,4.430000,4.252381,3.500000,100.000000,82.835098,521419.383958,103.519997,-3.481377,-5.897147,4.221074,-0.565681,21.670000,1308.000000,5.133578,-0.672381,1.160000,0.927639
2023-01-31,6.155037,6.327179,82.501429,1929.500000,125.618100,100.226900,102.403100,100.505000,0.560000,,6.500000,7.390000,4.330000,-1.686870,3.531500,4.207500,5.500000,4.400000,4.537500,3.500000,434.000000,81.579903,530592.718784,102.099998,-2.447628,6.175286,6.033964,-5.422466,19.400000,1361.000000,7.718655,-0.676000,1.100000,0.344963
2023-02-28,6.160035,5.957821,82.585000,1828.900024,125.618100,100.398300,102.378100,100.641600,-0.430000,,6.690000,7.334525,4.570000,-2.237400,3.746842,4.533684,5.590000,4.560000,4.654737,3.600000,290.000000,82.652000,521182.628293,104.870003,-2.028072,-2.611249,-5.213785,-0.949452,20.700001,1399.000000,5.336303,-0.786842,1.030000,0.529965
2023-03-31,5.793615,4.917719,78.434348,1969.000000,125.618100,100.576300,102.639100,101.020500,-0.410000,,6.750000,7.360000,4.650000,-3.827162,3.663043,4.302609,5.710000,4.600000,4.691739,3.500000,68.000000,82.100502,533279.818317,102.510002,0.322474,3.505161,7.660341,0.843322,18.700001,1377.000000,2.157207,-0.639565,1.110000,0.956385
2023-04-30,5.090099,4.950080,84.638333,1990.099976,125.618100,100.759400,103.077900,101.253000,0.040000,,6.750000,7.180000,4.830000,-4.636759,3.460000,4.016000,5.530000,4.470000,4.924500,3.400000,241.000000,81.765099,544545.952523,101.669998,4.062559,1.464234,1.071609,6.464756,15.780000,1354.000000,1.560147,-0.556000,1.060000,1.659901
2023-05-31,4.418654,4.131851,75.466000,1963.900024,,100.946000,103.577500,100.928600,-0.180000,,6.750000,7.012500,5.060000,-4.062017,3.573636,4.131818,5.770000,4.670000,5.135455,3.600000,280.000000,82.683899,545704.729661,104.320000,2.598397,0.248235,-1.316514,2.068400,17.940001,1584.000000,2.130039,-0.558182,1.100000,2.331346
2023-06-30,5.572775,3.070617,74.839091,1921.099976,,101.135000,103.577500,100.119600,-0.410000,,6.750000,7.054000,5.080000,-3.935083,3.748095,4.639524,5.750000,4.650000,5.158095,3.600000,225.000000,82.075401,551201.105823,102.910004,3.532083,6.472746,-2.179339,1.403193,13.590000,1421.000000,1.651972,-0.891429,1.100000,1.177225
2023-07-31,7.544302,3.287749,80.108095,1970.500000,,101.325700,103.577500,100.906700,0.130000,,6.750000,7.112500,5.120000,-3.972043,3.899500,4.828500,5.740000,4.660000,5.254000,3.500000,163.000000,82.252800,560733.750176,101.860001,2.943085,3.113893,2.571445,2.019673,13.630000,1460.000000,2.861648,-0.929000,1.080000,-0.794302
2023-08-31,6.912412,3.722505,86.147727,1938.199951,,101.517600,103.577500,100.839300,-0.170000,,6.750000,7.185000,5.330000,-3.934116,4.167826,4.901739,6.020000,4.950000,5.296522,3.700000,218.000000,82.700401,553212.330477,103.620003,-2.531158,-1.771639,-1.639180,-3.640554,13.570000,1317.000000,3.193202,-0.733913,1.070000,-0.162412
2023-09-30,4.722002,3.687207,93.722381,1848.099976,,101.517600,,101.021100,-0.030000,,6.750000,7.172000,5.330000,-3.658525,4.379000,5.022000,6.160000,5.130000,5.319500,3.700000,156.000000,83.193001,544405.448262,106.169998,1.997008,-4.871937,-4.648642,1.353521,17.520000,1371.000000,4.162398,-0.643000,1.030000,2.027998
2023-10-31,4.452841,3.251266,90.595909,1985.199951,,101.517600,,100.468900,-0.510000,,6.750000,7.350000,5.330000,-3.394702,4.798095,5.067619,6.630000,5.610000,5.335238,3.900000,159.000000,83.296501,542079.544072,106.660004,-2.844957,-2.197969,7.418429,-3.899561,18.139999,1368.000000,2.613692,-0.269524,1.020000,2.297159
2023-11-30,4.981121,3.133346,82.940000,2038.099976,,101.517600,,100.863900,0.140000,,6.750000,7.270000,5.330000,-3.107163,4.502857,4.882381,6.290000,5.280000,5.270000,3.700000,127.000000,83.330299,556543.068949,103.500000,5.521870,8.917927,2.664720,3.817866,12.920000,1514.000000,3.922919,-0.379524,1.010000,1.768879
2023-12-31,4.913119,3.315910,77.631053,2062.399902,,,,100.603100,-0.120000,,6.750000,7.224000,5.330000,-2.451285,4.020000,4.457000,5.640000,4.740000,5.241500,3.800000,154.000000,82.302002,574508.789080,101.330002,7.938400,4.422923,1.192283,8.566435,12.450000,1521.000000,5.295483,-0.437000,0.900000,1.836881
2024-01-31,4.593418,3.088343,80.124091,2048.399902,,,,99.222300,-0.990000,,6.750000,7.202500,5.330000,-2.042881,4.058095,4.322857,5.680000,4.870000,5.224762,3.700000,175.000000,83.109703,572003.913129,103.269997,-0.026235,1.589571,-0.678821,-4.753246,14.350000,1381.000000,0.029842,-0.264762,0.810000,1.836881
2024-02-29,4.898238,3.157074,83.478095,2045.699951,,,,100.285000,0.260000,,6.750000,7.090000,5.330000,-1.525894,4.207500,4.544000,5.770000,5.030000,5.238500,3.900000,206.000000,82.911903,577133.114834,104.160004,1.183398,5.172064,-0.131808,0.269796,13.400000,1552.000000,1.953130,-0.336500,0.740000,1.836881
2024-03-31,4.201080,3.486835,85.408500,2217.399902,,,,100.457500,-0.130000,,6.750000,7.068000,5.330000,0.126211,4.208500,4.588000,5.750000,5.010000,5.239000,3.900000,228.000000,83.392998,593744.011869,104.550003,1.565313,3.101878,8.393213,2.176244,13.010000,1312.000000,3.393623,-0.379500,0.740000,1.836881
2024-04-30,3.874778,3.360795,89.938095,2291.399902,,,,100.243400,-0.370000,,,7.150000,5.330000,0.960501,4.539091,4.873182,6.000000,5.280000,5.241364,3.900000,64.000000,83.451103,584311.156243,106.220001,1.244907,-4.161507,3.337242,4.821576,15.650000,1385.000000,2.551552,-0.334091,0.720000,
2024-05-31,3.860395,3.244279,81.746190,2322.899902,,,,100.863000,0.150000,,,7.054000,5.330000,0.917431,4.482273,4.856364,5.950000,5.250000,5.252727,3.900000,78.000000,83.320900,595021.554909,104.669998,-0.328029,4.802119,1.374705,-0.835684,12.920000,1316.000000,2.800407,-0.374091,0.700000,
2024-06-30,3.665688,2.970258,82.246000,2327.699951,,,,100.894000,-0.220000,,,7.022500,5.330000,1.300435,4.305263,4.736842,5.820000,5.130000,5.244211,4.100000,87.000000,83.450897,595473.433970,105.870003,6.568373,3.466980,0.206640,6.855921,12.440000,1327.000000,2.264306,-0.431579,0.690000,
2024-07-31,2.147471,2.941476,85.153043,2426.500000,,,,99.975700,-0.390000,,,7.007500,5.330000,1.475343,4.248636,4.495909,5.840000,5.120000,5.199545,4.200000,53.000000,83.738998,612132.483487,104.099998,3.917232,1.132132,4.244535,-1.507103,16.360001,1265.000000,3.008590,-0.247273,0.720000,
2024-08-31,2.442539,2.607144,80.355238,2493.800049,,,,100.430900,-0.080000,,,6.910000,5.330000,1.982446,3.870909,3.965455,5.600000,4.870000,5.047273,4.200000,9.000000,83.895103,620488.463015,101.699997,1.141230,2.283471,2.773544,-0.392600,15.000000,1391.000000,1.793926,-0.094545,0.730000,
2024-09-30,4.218177,2.426483,74.016667,2636.100098,,,,99.808400,-0.290000,,,6.832500,5.130000,2.489914,3.723500,3.622500,5.420000,4.680000,4.722000,4.100000,155.000000,83.716400,640051.704088,100.779999,2.278299,2.019688,5.706153,3.168588,16.730000,1357.000000,1.980264,0.101000,0.740000,
2024-10-31,4.407490,2.578844,75.632609,2738.300049,,,,99.469500,-0.560000,,,6.785000,4.830000,2.892883,4.095455,3.972273,5.630000,4.950000,4.510455,4.100000,33.000000,84.089104,612406.993362,103.980003,-6.220252,-0.989674,3.876937,-2.836549,23.160000,1352.000000,3.227001,0.123182,0.680000,
2024-11-30,3.882097,2.719472,74.345238,2657.000000,,,,99.292500,-0.060000,,,6.812000,4.640000,3.358177,4.355789,4.257368,5.780000,5.140000,4.418421,4.200000,134.000000,84.471603,592220.818187,105.739998,-0.306750,5.730130,-2.968997,1.127239,13.510000,1295.000000,3.870409,0.098421,0.640000,
2024-12-31,3.530243,2.870691,73.859500,2606.100098,,,,100.327300,0.330000,,,6.777500,4.480000,3.438402,4.391429,4.225714,5.800000,5.200000,4.270476,4.100000,237.000000,85.386002,569544.279505,108.129997,-2.014824,-2.079444,-1.915691,-2.118603,17.400000,1514.000000,4.515378,0.165714,0.600000,
